question,tag
অনলাইনে নামজারি সেবা কিভাবে পেতে পারি?,namjari_process
নামজারির আবেদনের জন্য কত টাকা লাগে?,namjari_fee
নামজারি মামলা এতদিন কি অবস্থায় আছে কিভাবে জানবো?,namjari_status_check
শুনানীর নোটিশ কিভাবে পাঠানো হয়?,namjari_hearing_notification
আমি কি নামজারি নিজে আবেদন করতে পারবো?,namjari_application_procedure
নামজারি আবেদন নামঞ্জুর হলে আবার কি আবেদন করবো?,namjari_rejected_appeal
শুনানীর চিঠি পোস্ট অফিসে গিয়ে নিতে হয়?,namjari_hearing_notification
মিউটেশন সেবা পেতে কি করতে হবে?,namjari_process
নামজারি মামলা এই মুহূর্তে কি অবস্থায় আছে কিভাবে জানবো?,namjari_status_check
নামজারি মামলা এখন কি অবস্থায় আছে কিভাবে জানবো?,namjari_status_check
নিবন্ধন করতে কি কি দরকার?,namjari_registration
ইউনিয়ন ভূমি অফিসে গিয়ে শুনানীর জন্য তথ্য নিতে হয়?,namjari_hearing_notification
আমি বিদেশে থাকি প্রতিনিধি দিয়ে নামজারি আবেদন করা যাবে কিনা?,namjari_by_representative
শুনানীতে দুইজন আবেদনকারীকে যেতে হবে নাতো?,namjari_hearing_documents
নামজারির জন্য কি ভূমি কর জমা থাকা আবশ্যক?,namjari_required_documents
আমি নিজে নামজারি করবো কি করতে হবে?,namjari_application_procedure
নামজারির বিষয়ে ফোনে যোগাযোগ করবো কি?,namjari_hearing_notification
শুনানীর আপডেট কোথা থেকে জানবো?,namjari_hearing_notification
আমার বাবা মারা গেছেন এখন ওয়ারিশদের নামে নামজারি করতে হবে কি?,namjari_inheritance_documents
নামজারি করতে কি কি এনআইডি লাগে?,namjari_required_documents
শুনানীর নোটিশটা কিভাবে হাতে পাবো?,namjari_hearing_notification
অনলাইনে খারিজ কিভাবে করতে পারি?,namjari_process
নামজারি করতে দলিলের ফটোকপি আর ছবির ফটোকপি লাগে কিনা?,namjari_required_documents
অনলাইনে নামজারি মঞ্জুর হলে খতিয়ান কপি আমি কোথায় পাবো?,namjari_khatian_copy
পোস্ট অফিসে শুনানীর নোটিশের খোঁজ নিতে হবে কি?,namjari_hearing_notification
শুনানীর নোটিশ ডাকঘর থেকে নিতে হবে কি?,namjari_hearing_notification
আমাদের বাবা মারা গেছেন এখন আমার নামে নামজারি করতে হবে কি?,namjari_inheritance_documents
নামজারি মঞ্জুর হয়েছে খতিয়ান কপি আমি কোথায় পাবো?,namjari_khatian_copy
নামজারি করতে ফটোকপি আর ছবির ফটোকপি লাগে কিনা?,namjari_required_documents
"আমি নামজারি করতে চাই, প্রক্রিয়াটা কী?",namjari_process
নামজারি করতে ফটোকপির ফটোকপি আর ছবি লাগে কিনা?,namjari_required_documents
পোস্ট অফিসে গিয়ে শুনানীর নোটিশের জন্য খোঁজ নিতে হবে কি?,namjari_hearing_notification
শুনানীর নোটিশ কিভাবে পাবো মোবাইল করে?,namjari_hearing_notification
আমি নামজারি আবেদন করবো কি ভূমি অফিসে যাওয়া লাগবে?,namjari_application_procedure
নামজারি আবেদন নামঞ্জুর হলে এখন কি করবো?,namjari_rejected_appeal
"আমি থাকিনা, প্রতিনিধি কি আমার নামজারি করতে পারবে?",namjari_by_representative
অনলাইনে নামজারি মঞ্জুর হলে খতিয়ান কি আমি নিজে উঠাতে পারবো?,namjari_khatian_copy
নামজারি আবেদন করতে ফি কত?,namjari_fee
ভূমি অফিসে না গেলে শুনানীর নোটিশ পাওয়া যাবে কি?,namjari_hearing_notification
নামজারি আবেদন নামঞ্জুর হয়েছে আবার কি আবেদন করবো?,namjari_rejected_appeal
আমি কি নিজে নামজারি করতে ভূমি অফিসে যাওয়া লাগবে?,namjari_application_procedure
অনলাইনে নামজারি মঞ্জুর হলে খতিয়ান কি নিজে উঠাতে পারবো?,namjari_khatian_copy
কারো সাহায্যে কি নামজারি করা যাবে?,namjari_application_procedure
নামজারি করার প্রক্রিয়াটা কী?,namjari_process
খতিয়ানে জমির পরিমাণ ভুল লেখা আছে সংশোধন কিভাবে করবো?,namjari_khatian_correction
আমার নামজারি মামলার স্ট্যাটাস কিভাবে জানতে পারবো?,namjari_status_check
নামজারি মামলার অবস্থা জানার উপায় কি?,namjari_status_check
আমি বিদেশে থাকি আমার ভাই বা আত্মীয় নামজারির আবেদন করতে পারে কি?,namjari_by_representative
নামজারি মামলার অবস্থা আজকে জানার উপায় কি?,namjari_status_check
"নামজারি প্রসেস চলছে, ফোন দিয়ে খবর নেয়া যাবে?",namjari_hearing_notification
নামজারি মামলার অবস্থা শীঘ্রই জানার উপায় কি?,namjari_status_check
আমার বাবা মারা গেছেন এখন ওয়ারিশের নামে নাম জারি করতে হবে কি?,namjari_inheritance_documents
নিবন্ধন করতে নিজের দলিল থাকতে হবে?,namjari_registration
ওয়রিশ মতে নাম জারি করতে কিকি কাগজ লাঘে?,namjari_inheritance_documents
এসি (ল্যান্ড) শুনানী না নিয়ে নামঞ্জুর করেছেন কি?,namjari_rejected_appeal
আমি কি কারো সাহায্যে নামজারি আবেদন করতে পারবো?,namjari_application_procedure
পোস্ট অফিস থেকে শুনানীর নোটিশ কিভাবে পাবো?,namjari_hearing_notification
"আমি নামজারি করতে চাই, এখন কী করতে হবে?",namjari_process
"প্রতিনিধি দিয়ে নামজারির আবেদন করলে তার পক্ষে কি কাগজ, ডকুমেন্টস দিতে হয়।",namjari_by_representative
নামজারি আবেদন করেছি অনেকদিন ঠিক এখন কি অবস্থায় আছে জানবো কিভাবে?,namjari_status_check
খতিয়ানে জমির পরিমাণ ভুল সংশোধন কিভাবে করবো?,namjari_khatian_correction
আমাদের বাবা মারা গেছেন এখন আমাদের নামে নামজারি করতে হবে কি?,namjari_inheritance_documents
আমি নামজারি করবো কি ভূমি অফিসে যাওয়া লাগে?,namjari_application_procedure
আমি জমি কিনেছি নামজারি করা হবে কি?,namjari_eligibility
নামজারির আবেদনের পর শুনানীর নোটিশ কিভাবে পাবো?,namjari_hearing_notification
নামজারির আবেদন জমা দেয়ার পর কি ফোনে জানায় কখন শুনানি হবে?,namjari_hearing_notification
আমার পিতা মারা গেছেন আমি জমি খাই নামজারি করা যাবে কি?,namjari_eligibility
"আমার পিতা মারা গেছেন আমি জমি খাই, নামজারি করা লাগবে কি?",namjari_eligibility
এসি (ল্যান্ড) শুনানী না নিয়ে নামঞ্জুর করেছেন এখনই কি করবো?,namjari_rejected_appeal
নামঞ্জুর হলে এরপর আবার কি আবেদন করবো?,namjari_rejected_appeal
নামঞ্জুর হলে এক্ষেত্রে আবার কি আবেদন করবো?,namjari_rejected_appeal
খতিয়ানে নাম ভুল লেখা কিভাবে সংশোধন করবো?,namjari_khatian_correction
নামজারি কি অনলাইনে করা যায়?,namjari_application_procedure
নিবন্ধন করতে নিজের এনআইডি দরকার কি?,namjari_registration
নামজারি মঞ্জুর হলে খতিয়ান কপি নিজে কিভাবে নিতে পারি?,namjari_khatian_copy
নামজারির নিবন্ধনের জন্য কি জন্মনিবন্ধন লাগবে?,namjari_registration
"আমি থাকিনা, প্রতিনিধি কি নামজারির আবেদন করতে পারবে?",namjari_by_representative
নামজারি করতে এনআইডির ফটোকপি ছাড়া আর কি লাগে?,namjari_required_documents
"আমি বিদেশে থাকি, আমার ভাই কি আমার নামজারি করতে পারবে?",namjari_by_representative
"আমার পিতা মারা গেছেন আমি তো জমি খাই, নামজারি করা হবে কি?",namjari_eligibility
একবার নামঞ্জুর হওয়ার পর আবার কি নতুনভাবে আবেদন করা যায়?,namjari_rejected_appeal
নামজারি আবেদন নিজে না করা হলে প্রতিনিধি দিয়ে করা যায় কিনা?,namjari_by_representative
খতিয়ান ভুল সংশোধন করতে কি করতে হবে?,namjari_khatian_correction
"সব দলিল ঠিক থাকলেও নামজারি নামঞ্জুর, এখন কী করবো?",namjari_rejected_appeal
আমি কি নিজে নামজারি করতে পারব?,namjari_application_procedure
"আমি তো নামজারির জন্য আবেদন করছি, এখন শুনানির তারিখ কিভাবে জানবো?",namjari_hearing_notification
নামজারি করতে দলিল ছাড়া আর কি লাগে?,namjari_required_documents
শুনানীর সময় জানার জন্য কি ফোনে খোঁজ নিতে হবে?,namjari_hearing_notification
আমার পিতা মারা গেছেন আমি তো জমি খাই নামজারি করতে হবে কি?,namjari_eligibility
নামজারি করতে ভূমি অফিসে যেতে হয় কি?,namjari_application_procedure
"আমি ডেভেলপারের নিকট হতে জমিসহ ফ্লাট নিছি, নামজারি করার প্রয়োজন আছে কি?",namjari_eligibility
শুনানীর জন্য সমস্ত আসল কাগজপত্র কি নিয়ে যেতে হবে?,namjari_hearing_documents
নামজারির আবেদন দাখিলের পর শুনানীর দিনটা কিভাবে জানবো?,namjari_hearing_notification
মিউটেশন সেবা কিভাবে পেতে পারি?,namjari_process
নামজারি করতে এনআইডি আর এনআইডি লাগে কিনা?,namjari_required_documents
আমার নামজারি খতিযান কি আমার প্রোফাইলে থাকবে?,namjari_khatian_copy
নামজারি আবেদন নামঞ্জুর হয়েছে এখন কি করবো?,namjari_rejected_appeal
অনলাইনে নামজারি কিভাবে করতে পারি?,namjari_process
নামজারি নামঞ্জুর হলে আবার কি আবেদন করবো?,namjari_rejected_appeal
একাধিক নামজারির জন্য কি বেশি টাকা লাগে?,namjari_fee
খতিয়ান জমির পরিমাণ ভুল সংশোধন করতে কি কি কাগজ লাগে?,namjari_khatian_correction
কখন নামজারি করা আবশ্যক?,namjari_eligibility
নামজারি মামলা নামঞ্জুর হলে এরপর কি করবো?,namjari_rejected_appeal
আমি বিদেশে থাকি আমার ভাই বা আত্মীয় নামজারির আবেদন করতে পারে কিনা?,namjari_by_representative
খতিয়ান নাম ভুল সংশোধন করতে কি কি কাগজ লাগে?,namjari_khatian_correction
খতিয়ানে ভুল সংশোধন করতে কি করতে হবে?,namjari_khatian_correction
আমি নামজারি আবেদন করেছি অনেকদিন কি অবস্থায় আছে জানবো কিভাবে?,namjari_status_check
"আমি জমি কিনেছি, আমার নামজারি করা যাবে কি?",namjari_eligibility
আমাদের বাবা মারা গেছেন এখন সব ওয়ারিশদের নামে নামজারি করতে হবে কি?,namjari_inheritance_documents
নামজারি মঞ্জুর হলে খতিয়ান সংগ্রহের নিয়ম কী?,namjari_khatian_copy
নামজারি করতে কত টাকা লাগে?,namjari_fee
অনলাইনে খারিজ করতে কি করতে হবে?,namjari_process
প্রতিনিধি হয়ে আবেদন করলে কোন কাগজ জমা দিতে হয়?,namjari_by_representative
নামজারি করতে কি কি দলিলের ফটোকপি লাগে?,namjari_required_documents
দু'বার চেষ্টা করেও নামঞ্জুর হলে পরবর্তী পদক্ষেপ কী?,namjari_rejected_appeal
শুনানীর জন্য সব কাগজ কি নিয়ে যেতে হবে?,namjari_hearing_documents
এসি (ল্যান্ড) শুনানী না নিয়ে নামঞ্জুর করেছেন আবার কি আবেদন করবো?,namjari_rejected_appeal
আচ্ছা নামজারি টা কি নিজে করতে পারবো নাকি আবার কোথাও যাওয়া লাগবে?,namjari_application_procedure
শুনানীর তথ্য কোথা থেকে পাওয়া যায়?,namjari_hearing_notification
নামজারি শেষ হলে অফিসে গিয়ে খতিয়ান নিতে হবে নাকি অনলাইনেই মিলবে?,namjari_khatian_correction
অনলাইনে নামজারি মঞ্জুর হলে খতিয়ান কপি কোথায় থেকে পাবো?,namjari_khatian_copy
সবাই না গেলে কি শুনানি হবে না?,namjari_hearing_documents
আমি জমি কিনেছি আমার কি নামজারি করতে হবে?,namjari_eligibility
নামজারি মামলার স্ট্যাটাস সহজে কিভাবে জানতে পারবো?,namjari_status_check
নামজারি করতে ছবির ফটোকপি আর এনআইডির ফটোকপি লাগে কিনা?,namjari_required_documents
নামজারির আবেদন দাখিলের পর শুনানীর সময়টা কিভাবে জানবো?,namjari_hearing_notification
নামজারি করতে ফটোকপির ফটোকপি আর এনআইডি লাগে কিনা?,namjari_required_documents
অনলাইনে মিউটেশন করতে হলে কি করতে হবে?,namjari_process
নামজারির জন্য নিবন্ধন করতে কি জন্মনিবন্ধন দরকার?,namjari_registration
মামলা নামঞ্জুর হয়েছে তাহলে কি করবো?,namjari_rejected_appeal
খতিয়ানে নাম ভুল লেখা সংশোধন কিভাবে করবো?,namjari_khatian_correction
নামজারির আবেদন জমা দেওয়ার পর শুনানীর তারিখটা কিভাবে জানবো?,namjari_hearing_notification
খারিজ করার নিয়ম কি?,namjari_application_procedure
আমি বিদেশে থাকি আমার ভাই বা আত্মীয় নামজারির আবেদন করতে পারবে কি?,namjari_by_representative
"ফ্ল্যাটসহ জমি নিয়েছি, নামজারি করতে হবে?",namjari_eligibility
নামজারি মঞ্জুর হয়েছে খতিয়ানে যে কোন ভুলের জন্য কি করতে হবে?,namjari_khatian_correction
ওয়ারিশ মতে অনলাইনে নামজারি করা যায় কিনা?,namjari_inheritance_documents
নামজারি করতে ফি কত?,namjari_fee
নিবন্ধন করতে নিজের এনআইডি বা জন্মনিবন্ধন থাকতে হবে?,namjari_registration
মিউটেশন মামলার অবস্থা জানার উপায় কি?,namjari_status_check
প্রতিনিধি হিসেবে কি অনুমতিপত্র দিতে হয়?,namjari_by_representative
নামজারি করার জন্য ভূমি অফিসে যাওয়া লাগে কি?,namjari_application_procedure
নামজারি মঞ্জুর হলে খতিয়ানের প্রিন্ট কপি আমি কিভাবে নিতে পারি?,namjari_khatian_copy
অনলাইনে ওয়ারিশমতে নামজারি করতে পারবো?,namjari_inheritance_documents
নামজারি আবেদনের জন্য কত খরচ হবে?,namjari_fee
ভাগ চূড়ান্ত না হলে নামজারি হবে কি?,namjari_inheritance_documents
"কোর্ট রায়ে জমি পেয়েছি, নামজারি কি বাধ্যতামূলক?",namjari_eligibility
অনলাইনে নামজারি মঞ্জুর হয়েছে খতিয়ান কপি নিজে কোথায় পাবো?,namjari_khatian_copy
"কাগজ আগে জমা দিয়েছি, শুনানীতে আবার লাগবে কেন?",namjari_hearing_documents
আমি বিদেশে থাকি প্রতিনিধি দিয়ে নামজারি করা যায় কিনা?,namjari_by_representative
নিবন্ধন করতে এনআইডি দরকার কি?,namjari_registration
নামজারির জন্য কি ছবি জমা দিতে হয়?,namjari_required_documents
"আমার বাবা মারা গেছেন, এখন সব ওয়ারিশের নামে নামজারি করতে হবে কি?",namjari_inheritance_documents
জমিসহ ফ্ল্যাটের নামে নামজারি কিভাবে করবো?,namjari_eligibility
নিবন্ধন করতে কোন ফরম পূরণ করতে হয়?,namjari_registration
শুনানীতে আবেদনকারীকে যেতে হবে নাতো?,namjari_hearing_documents
নামজারির জন্য নিবন্ধন করতে কি মোবাইল লাগে?,namjari_registration
শুনানীর জন্য দরকারি কাগজপত্রই কি নিয়ে যেতে হবে?,namjari_hearing_documents
নামজারি মামলা নামঞ্জুর হলে এক্ষেত্রে কি করবো?,namjari_rejected_appeal
নামজারি করতে ছবির ফটোকপি আর ছবি লাগে কিনা?,namjari_required_documents
নামজারির জন্য রেজিস্ট্রেশন করতে চাচ্ছিলাম তো এখন কি কি কাগজপত্র লাগবে?,namjari_registration
আমি নিজ এলাকার বাইরে থাকি অন্য কেউ প্রতিনিধি হয়ে নামজারির আবেদন করতে পারে কিনা?,namjari_by_representative
নারীরা বা অজ্ঞ ব্যক্তি কি অন্য কাউকে দিয়ে করতে পারবে?,namjari_by_representative
নামজারির জন্য মূল দলিল দরকার না ফটোকপি চলবে?,namjari_required_documents
"আমি একটা জমি কিনেছি এখন নামজারি করতে চাই, দলিল ছাড়া আর কি কাগজ জমা দিতে হয় নামজারিতে?",namjari_required_documents
শুনানীর সময় কি সব আবেদনকারীকে-ই যেতে হবে?,namjari_hearing_documents
নিবন্ধন করতে কি নিজের দলিল লাগে?,namjari_registration
খতিয়ানে নাম ভুল সংশোধন করতে কত টাকা লাগে?,namjari_khatian_correction
নামজারির আবেদন দাখিলের পর শুনানীর তারিখ কিভাবে জানবো?,namjari_hearing_notification
পোস্ট অফিসের নোটিশের জন্য মোবাইল করে খোজ নেব কিনা?,namjari_hearing_notification
নামজারির আবেদন জমা দেওয়ার পর শুনানীর দিন-সময় কিভাবে জানবো?,namjari_hearing_notification
শুনানীর জন্য সমস্ত কাগজপত্র কি নিয়ে যেতে হবে?,namjari_hearing_documents
নামজারি করতে ফটোকপি আর দলিলের ফটোকপি লাগে কিনা?,namjari_required_documents
নামজারির আবেদনের সরকারি খরচ কত?,namjari_fee
"আমার পিতা মারা গেছেন আমি জমি খাই, নামজারি করা যাবে কি?",namjari_eligibility
নামজারি আবেদন করেছি অনেকদিন বর্তমানে কি অবস্থায় আছে জানবো কিভাবে?,namjari_status_check
আবেদনকারী ছাড়া কেউ গেলে কি শুনানী বাতিল হয়?,namjari_hearing_documents
হালটক না থাকলে কি নামজারির আবেদন নেয়?,namjari_required_documents
"আমার বাবা মারা গেছেন, এখন আমার নামে নামজারি করতে হবে কি?",namjari_inheritance_documents
নিবন্ধন করতে জন্মনিবন্ধন বা এনআইডি লাগে কি?,namjari_registration
নিবন্ধনের জন্য কাগজপত্র কি লাগবে?,namjari_registration
এসি (ল্যান্ড) শুনানী না নিয়ে নামঞ্জুর করেছেন তাহলে কি করবো?,namjari_rejected_appeal
"আমি বিদেশে থাকলে ভাই, বন্ধু কি আমার হয়ে নামজারি করতে পারবে?",namjari_by_representative
নামজারি করতে এনআইডি আর এনআইডির ফটোকপি লাগে কিনা?,namjari_required_documents
নিবন্ধন করতে এনআইডি বা জন্মনিবন্ধন থাকতে হবে?,namjari_registration
নামজারি করতে এনআইডি ছাড়া আর কি লাগে?,namjari_required_documents
ওয়েবসাইট থেকে খতিয়ান ডাউনলোড করা যাবে কি?,namjari_khatian_copy
আমি কি কারো সাহায্যে নামজারি করা যাবে?,namjari_application_procedure
"দলিলের দাতা রেকর্ডের মালিক না, নামজারিও নাই এখন নামজারি করতে পারবো কিনা?",namjari_required_documents
অনলাইনে নামজারি করেছি খতিয়ান কপি মঞ্জুর হলে কিভাবে পেতে পারি?,namjari_khatian_copy
নামজারি করতে দলিল আর দলিলের ফটোকপি লাগে কিনা?,namjari_required_documents
নামজারির জন্য কি বেশি ফি লাগে?,namjari_fee
নামজারি আবেদন নিজে করতে না পারলে প্রতিনিধি দিয়ে করা যাবে কি?,namjari_by_representative
"আমি দলিল করে জমি পাইছি, নামজারি করা যাবে?",namjari_eligibility
নামজারি মামলার অবস্থা অনলাইনে জানার উপায় কি?,namjari_status_check
একাধিক নামজারি আবেদন করলে খরচ কি বাড়ে?,namjari_fee
খতিয়ানে নাম ভুল সংশোধন করতে কি কি কাগজ লাগে?,namjari_khatian_correction
নিবন্ধনের সময় ফোন নম্বর ও আইডি দিতে হয় কি?,namjari_registration
প্রোফাইল থেকে কি খতিয়ান দেখা যাবে?,namjari_khatian_copy
শুনানীর নোটিশের অবস্থা জানতে মোবাইল করে খোজ নেব কিনা?,namjari_hearing_notification
খতিয়ানে সংশোধন কিভাবে করবো?,namjari_khatian_correction
"আমি ভিন জেলা থেকে কি নামজারির, খারিজ, মিউটেশন আবেদন করতে পারি?",namjari_by_representative
আমার বাবা মারা গেছেন এখন আমাদের নামে নামজারি করতে হবে কি?,namjari_inheritance_documents
আমি বিদেশে থাকি আমার ভাই বা আত্মীয় নামজারি আবেদন করতে পারে কিনা?,namjari_by_representative
নামজারির জন্য নিবন্ধন করতে কি দরকার?,namjari_registration
মিউটেশন কিভাবে করতে পারি?,namjari_process
"আমাদের বাবা মারা গেছেন, এখন ওয়ারিশের নামে নামজারি করতে হবে কি?",namjari_inheritance_documents
খতিয়ান সংশোধন করতে কি করতে হবে?,namjari_khatian_correction
নামজারি করতে ছবির ফটোকপি ছাড়া আর কি লাগে?,namjari_required_documents
"আচ্ছা, নামজারি সেবাটা পেতে হলে কী করতে হবে, আর কোথায় যেতে হবে একটু বুঝিয়ে বলবেন?",namjari_process
নামজারি মামলা নামঞ্জুর হলে এখন কি করবো?,namjari_rejected_appeal
নামজারির আবেদনের জন্য কি বেশি খরচ হবে?,namjari_fee
নামজারি মঞ্জুর হয়েছে খতিয়ান কপি নিজে কোথায় পাবো?,namjari_khatian_copy
নামজারির আবেদন প্রতিনিধি করলে কি মালিকানা বদল হবে?,namjari_by_representative
শুনানীর সময় কি সব আবেদনকারীকে যেতে হবে?,namjari_hearing_documents
নিবন্ধন করতে নিজের জন্মনিবন্ধন লাগে কি?,namjari_registration
"আমি শুনানিতে যেতে পারবো না, অন্য কেউ গেলে অসুবিধা হবে?",namjari_hearing_documents
"আমি জমি কিনেছি, আমার কি নামজারি করতে হবে?",namjari_eligibility
নামজারির সরকারি ফি কত?,namjari_fee
অনলাইনে নামজারি মঞ্জুর হলে খতিয়ান কপি কিভাবে নিতে পারি?,namjari_khatian_copy
খারিজের আবেদন কিভাবে সাবমিট করবো?,namjari_application_procedure
নামজারি মামলার অবস্থা জানার উপায় কি?,namjari_status_check
বন্টননামা নাই নামজারি করা যাবে কি?,namjari_inheritance_documents
নামজারি মামলার স্ট্যাটাস তাড়াতাড়ি কিভাবে জানতে পারবো?,namjari_status_check
খতিয়ানে জমির পরিমাণ ভুল লেখা সংশোধন করতে কি কি কাগজ লাগে?,namjari_khatian_correction
আমার পিতা মারা গেছেন আমি জমি খাই নামজারি করতে হবে কি?,namjari_eligibility
"আমার পিতা মারা গেছেন আমি তো জমি খাই, নামজারি করতে হবে কি?",namjari_eligibility
"আমি দলিল করে জমি পাইছি, নামজারি করা লাগবে?",namjari_eligibility
নামজারি মামলা নামঞ্জুর হলে এখন আবার কি আবেদন করবো?,namjari_rejected_appeal
নিবন্ধন করতে মোবাইল নম্বর ছাড়া আর কি লাগে?,namjari_registration
নিবন্ধন করতে নিজের জন্মনিবন্ধন দরকার কি?,namjari_registration
আমি দলিল করে জমি পাইছি নামজারি করা লাগবে?,namjari_eligibility
"আমার পিতা মারা গেছেন আমি জমি খাই, নামজারি করা যাবে?",namjari_eligibility
আমার নামজারির শুনানির নোটিশ কবে আসবে?,namjari_hearing_notification
"আমার ভাগ সঠিক নয়, কীভাবে ঠিক করবো?",namjari_khatian_correction
প্রতিনিধি পক্ষে কি কাগজ দিতে হয়?,namjari_by_representative
অনলাইনে নামজারি করেছি খতিয়ান কপি মঞ্জুর হলে কোথায় পাবো?,namjari_khatian_copy
নামজারির আবেদন জমা দেওয়ার পর শুনানীর দিনটা কিভাবে জানবো?,namjari_hearing_notification
"আমাদের বাবা মারা গেছেন, এখন ওয়ারিশের নামে নাম জারি করতে হবে কি?",namjari_inheritance_documents
পুরাতন মামলা বাতিল হলে কি নতুনভাবে শুরু করতে হবে?,namjari_rejected_appeal
খতিয়ান জমির পরিমাণ ভুল সংশোধন করতে কি করতে হবে?,namjari_khatian_correction
ওয়ারিশ মতে অনলাইনে নাম জারি করা যায় কি না?,namjari_inheritance_documents
আমি তো এলাকায় থাকিনা এখন আমার খারিজ অন্য কেউ করলে কি জমি তার নামে চলে যাবে?,namjari_by_representative
মোবাইল দিয়ে নামজারির তথ্য পাওয়া যাবে?,namjari_hearing_notification
নামজারি আবেদন করতে কত ফি হবে?,namjari_fee
দলিল না নিয়ে শুধু কপি দিলে কি হবে?,namjari_required_documents
নামজারি মঞ্জুর হয়েছে খতিয়ান কপি কিভাবে পেতে পারি?,namjari_khatian_copy
নামজারি মামলা ঠিক এখন কি অবস্থায় আছে কিভাবে জানবো?,namjari_status_check
নামজারি আবেদন করেছি অনেকদিন হয়ে গেছে কি অবস্থায় আছে জানবো কিভাবে?,namjari_status_check
শুনানীর জন্য সব আসল কাগজপত্র কি নিয়ে যেতে হবে?,namjari_hearing_documents
আমি কি কারো সাহায্যে নামজারি আবেদন করতে পারি?,namjari_application_procedure
অনলাইনে নামজারি মঞ্জুর হলে খতিয়ান কপি নিজে কিভাবে পেতে পারি?,namjari_khatian_copy
শুনানীর নোটিশ কিভাবে পাবো?,namjari_hearing_notification
নিবন্ধনে কি ওটিপি আসবে?,namjari_registration
মামলা নামঞ্জুর হলে এখন আবার কি আবেদন করবো?,namjari_rejected_appeal
ওয়ারিশ মতে নাম জারি করতে কি কি কাগজ লাগে?,namjari_inheritance_documents
"আবেদন করেছি, নোটিশ পাইনি, মিউটেশন মামলার কি হলো ?",namjari_status_check
আমার নামজারি মঞ্জুর হয়েছে খতিয়ান কপি কিভাবে নিতে পারি?,namjari_khatian_copy
নামজারি সেবা পেতে হলে কি করতে হবে?,namjari_process
একাধিক নামজারির আবেদনের জন্য কি বেশি সরকারি ফি লাগে?,namjari_fee
একাধিক আবেদনের জন্য কি বেশি ফি লাগে?,namjari_fee
নামজারি মামলা ঠিক কি অবস্থায় আছে কিভাবে জানবো?,namjari_status_check
নামজারির আবেদন কি অন্য কাউকে দিয়ে করা যাবে?,namjari_by_representative
নামজারি বাতিল হলে কি আবার নতুন আবেদন দিতে হবে?,namjari_rejected_appeal
অনলাইনে নামজারি করেছি মঞ্জুর হলে খতিয়ানের প্রিন্ট কপি কোথায় পাবো?,namjari_khatian_copy
আচ্ছা নামজারি টা কি নিজে করতে পারবো নাকি আবার ভূমি অফিসে যাওয়া লাগবে?,namjari_application_procedure
খতিয়ানে জমির পরিমাণ ভুল লেখা কিভাবে সংশোধন করবো?,namjari_khatian_correction
এসি (ল্যান্ড) শুনানী না নিয়ে নামঞ্জুর করেছেন তাহলে কোন আদালতে যাবো?,namjari_rejected_appeal
শুনানীর নোটিশের ব্যাপারে পোস্ট অফিসে খোঁজ নিতে হবে কি?,namjari_hearing_notification
আমার নামজারি মঞ্জুর হলে খতিয়ান কি আমি উঠাতে পারবো?,namjari_khatian_copy
নামজারির জন্য মোবাইল করে খোজ নেব কিনা?,namjari_hearing_notification
আমি কারো সাহায্যে নামজারি আবেদন করতে কি ভূমি অফিসে যাওয়া লাগবে?,namjari_application_procedure
"ভাই, সব ডকুমেন্ট অনলাইনে দিয়েছি, আবার কাগজ আনতে হবে কেন?",namjari_hearing_documents
খতিয়ানে নাম ভুল আছে সংশোধন করতে কত টাকা লাগে?,namjari_khatian_correction
আবেদন করার পর অফিসে গিয়ে কি কিছু করতে হয়?,namjari_hearing_notification
নামজারির আবেদন দাখিলের পর শুনানীর নোটিশ কিভাবে পাবো?,namjari_hearing_notification
"আমি নামজারির কাজ শেষ করেছি, এখন খতিয়ানের কপি কিভাবে পাবো?",namjari_khatian_correction
অনলাইনে একাউন্টে খতিয়ানের তথ্য পাওয়া যাবে কি?,namjari_khatian_copy
আচ্ছা খারিজ কি অনলাইনে করা যায়? করা গেলে কিভাবে?,namjari_process
খতিয়ানে সংশোধন করতে কি কি কাগজ লাগে?,namjari_khatian_correction
"আমি জমি কিনেছি, আমার নামজারি করতে হবে কি?",namjari_eligibility
আমার নামজারি মঞ্জুর হলে খতিয়ান কপি কোথায় পাবো?,namjari_khatian_copy
শুনানীর নোটিশ পোস্ট অফিস থেকে কিভাবে হাতে পাবো?,namjari_hearing_notification
"আমি একটা জমি কিনেছি এখন নামজারি করতে চাই, কি কি দলিল লাগে?",namjari_required_documents
আমি দলিল করে জমি পাইছি নামজারি করতে হবে?,namjari_eligibility
অনলাইনে মিউটেশন সেবা গ্রহণ করতে কি করতে হবে?,namjari_process
"আমি একটা জমি কিনেছি এখন নামজারি করতে চাই, নামজারি করতে অতিরিক্ত কি লাগে দলিল ছাড়া?",namjari_required_documents
আমি নিজে কি নামজারি আবেদন করতে পারবো?,namjari_application_procedure
আমি কারো সাহায্যে কি নামজারি করতে পারি?,namjari_application_procedure
ওয়ারিশ মতে নামজারি করতে কিকি কাগজ লাগে?,namjari_inheritance_documents
"আমার পিতা মারা গেছেন আমি জমি খাই, নামজারি করা লাগবে?",namjari_eligibility
আমি দলিল করে জমি পাইছি নামজারি করা হবে?,namjari_eligibility
খতিয়ান সংশোধন কিভাবে করবো?,namjari_khatian_correction
নামজারি মামলার স্ট্যাটাস শীঘ্রই কিভাবে জানতে পারবো?,namjari_status_check
"খারিজ আবেদন রিজেক্ট করে দিয়েছে, এখন আবার আবেদন করতে পারবো?",namjari_rejected_appeal
নিবন্ধন করতে কি নিজের মোবাইল নম্বর লাগবে?,namjari_registration
আমি কারো সাহায্যে কি নামজারি আবেদন করতে পারবো?,namjari_application_procedure
খতিয়ান জমির পরিমাণ ভুল সংশোধন করতে কত টাকা লাগে?,namjari_khatian_correction
নামজারি কিভাবে করতে পারি?,namjari_process
একাধিক আবেদনের জন্য কি বেশি সরকারি ফি লাগে?,namjari_fee
নামজারি মামলা কি অবস্থায় আছে কিভাবে জানবো?,namjari_status_check
আমি কারো সাহায্যে নামজারি করতে কি ভূমি অফিসে যাওয়া লাগে?,namjari_application_procedure
"খারিজের জন্য অনলাইনে ফর্ম সাবমিট করেছি, এখন কি অফিসে গিয়ে দেখা করতে হবে?",namjari_hearing_notification
খতিয়ানে জমির পরিমাণ ভুল আছে কিভাবে সংশোধন করবো?,namjari_khatian_correction
অনলাইনে নামজারি করতে কি করতে হবে?,namjari_process
খতিয়ান কপি তুলতে হলে কোথায় যেতে হবে?,namjari_khatian_copy
"আমি দলিল করে জমি পাইছি, নামজারি করা হবে কি?",namjari_eligibility
নামজারি আবেদন করেছি অনেকদিন এখনও কি অবস্থায় আছে জানবো কিভাবে?,namjari_status_check
"আমি বিদেশে থাকি, আমার ভাই কি নামজারির আবেদন করতে পারবে?",namjari_by_representative
শুনানীর জন্য সমস্ত প্রয়োজনীয় কাগজপত্র কি নিয়ে যেতে হবে?,namjari_hearing_documents
মিউটেশন করতে কি করতে হবে?,namjari_process
শুনানীর সময় জানতে মোবাইল করে খোজ নেব কিনা?,namjari_hearing_notification
নামজারি মঞ্জুর হয়েছে খতিয়ান কপি কোথায় থেকে পাবো?,namjari_khatian_copy
ওয়ারিশ মতে অন লাইনে নাম জারি করা যায় কিনা?,namjari_inheritance_documents
খতিয়ানে ভুল সংশোধন কিভাবে করবো?,namjari_khatian_correction
নামঞ্জুর হলে তাহলে আবার কি আবেদন করবো?,namjari_rejected_appeal
নামজারির শুনানীর নোটিশ পেতে পোস্ট অফিসে খোজ নিতে হবে কি?,namjari_hearing_notification
নামজারি মামলা কি অবস্থায় আছে কিভাবে জানবো?,namjari_status_check
নামজারি করতে কত টাকা ফি দিতে হয়?,namjari_fee
শুনানীর জন্য কি কি সমস্ত প্রয়োজনীয় কাগজপত্র নিয়ে যাবো?,namjari_hearing_documents
খতিয়ান ভুল সংশোধন করতে কি কি কাগজ লাগে?,namjari_khatian_correction
শুনানীর জন্য কি কি সমস্ত কাগজপত্র নিয়ে যাবো?,namjari_hearing_documents
নামজারি করতে হলে কি স্থানীয় ভূমি অফিসে যেতে হবে?,namjari_application_procedure
নামজারি করার জন্য কি ধরনের কাগজপত্র লাগে?,namjari_required_documents
নামজারির আবেদন দাখিলের পর শুনানীর জন্য কিভাবে জানবো?,namjari_hearing_notification
নামজারি মামলার স্ট্যাটাস এই মুহূর্তে কিভাবে জানতে পারবো?,namjari_status_check
শুনানীর জন্য কি কি কাগজপত্র নিয়ে যাবো?,namjari_hearing_documents
নিবন্ধনের জন্য মোবাইল কি বাধ্যতামূলক?,namjari_registration
নামজারির জন্য নিবন্ধন করতে মোবাইল দরকার কি?,namjari_registration
নামজারি মামলা নামঞ্জুর হয়েছে এরপর কি করবো?,namjari_rejected_appeal
একাধিক নামজারি আবেদনের জন্য কি বেশি খরচ হবে?,namjari_fee
শুনানীর নোটিশ কিভাবে হাতে পাবো?,namjari_hearing_notification
"আমি প্রবাসী দেশে একটা জমি কিনেছিলাম এখন নামজারি করাতে চাচ্ছিলাম বন্ধু, ভাই, বাবা, মা, চাচা কি কাউকে দিয়ে আবেদন করা যাবে?",namjari_by_representative
"আমি বিদেশে থাকি, আমার আত্মীয় কি নামজারির আবেদন করতে পারবে?",namjari_by_representative
"খারিজ করতে চাইলে, কি করতে হবে?",namjari_process
আমি একটা জমি কিনেছি এখন নামজারি করতে গেলে কি কি দলিলপত্র লাগবে?,namjari_required_documents
মামলাটি কোন পর্যায়ে আছে তা জানার উপায় কী?,namjari_status_check
"অনলাইনে খারিজের আবেদন করেছিলাম, কিন্তু কোনো মেসেজ পাইনি, কেসটা কোথায় আছে বুঝবো কিভাবে?",namjari_rejected_appeal
আমি বিদেশে থাকি আমার ভাই বা আত্মীয় কি নামজারির আবেদন করতে পারে?,namjari_by_representative
আমি বিদেশে থাকি আমার ভাই বা আত্মীয় প্রতিনিধি হয়ে নামজারির আবেদন করতে পারবে কিনা?,namjari_by_representative
"আমার মামলায় কোনো শুনানিই নেয়নি এসি (ল্যান্ড), সরাসরি রিজেক্ট করেছে, এখন কি করা যায়?",namjari_rejected_appeal
ওয়ারিশ নামজারিতে কি আপোষনামা লাগবে?,namjari_inheritance_documents
উন্নয়ন কর না পরিশোধ করলে নামজারি হবে কি?,namjari_required_documents
ইউনিয়ন ভূমি অফিসে না গেলে শুনানী হবে না কি?,namjari_hearing_notification
"আমি জমি খারিজের জন্য আবেদন করেছিলাম, এখন মামলাটা কোন অবস্থায় আছে জানবো কিভাবে?",namjari_rejected_appeal
নামজারি করতে ফটোকপি যথেষ্ট কি?,namjari_required_documents
"আমার বাবা মারা গেছেন, এখন ওয়ারিশের নামে নাম জারি করতে হবে কি?",namjari_inheritance_documents
বন্টননামা নাই নাম জারি করা যাবে কি?,namjari_inheritance_documents
আমি জমি কিনেছি আমার কি নামজারি করা লাগবে?,namjari_eligibility
নামজারির শুনানী নোটিশ পোস্ট অফিস থেকে নিতে হয়?,namjari_hearing_notification
খতিয়ানে ভুল আছে সংশোধন করতে কি করতে হবে?,namjari_khatian_correction
"আমি জমি কিনেছি, আমার কি নামজারি করা লাগবে?",namjari_eligibility
"পিতার জমি পেয়েছি, নামজারি কি করতে হবে?",namjari_eligibility
অনলাইনে মিউটেশন সেবা কিভাবে নিতে পারি?,namjari_process
আমার নামজারি মঞ্জুর হয়েছে খতিয়ান আমি কি নিজে উঠাতে পারবো?,namjari_khatian_copy
নামজারির জন্য কি অবশ্যই বণ্টননামা দরকার?,namjari_inheritance_documents
নামজারির জন্য নিবন্ধন করতে কি লাগে?,namjari_registration
আমি নিজে নামজারি আবেদন করতে কি ভূমি অফিসে যাওয়া লাগবে?,namjari_application_procedure
আমি নিজে নামজারি আবেদন কি করতে পারবো?,namjari_application_procedure
নামজারির শুনানীর নোটিশটা কিভাবে পাবো?,namjari_hearing_notification
শুনানীতে প্রত্যেক আবেদনকারীকে যেতে হবে নাতো?,namjari_hearing_documents
শুধু অনলাইনে করলেই হবে নাকি ইউনিয়ন অফিসেও যাওয়া দরকার?,namjari_hearing_notification
নামজারি করার জন্য কারো সহায়তা প্রয়োজন কি?,namjari_application_procedure
নামজারি করতে এনআইডি আর দলিল লাগে কিনা?,namjari_required_documents
খতিয়ানে জমির পরিমাণ ভুল আছে সংশোধন কিভাবে করবো?,namjari_khatian_correction
খারিজ সেবা কিভাবে পেতে পারি?,namjari_process
নামঞ্জুর হয়েছে কোন আদালতে যাবো?,namjari_rejected_appeal
"আমি থাকিনা, আমার ভাই বা আত্মীয় কি প্রতিনিধি হয়ে নামজারি আবেদন করতে পারবে?",namjari_by_representative
আমার নামজারি মঞ্জুর হয়েছে খতিয়ান কি নিজে উঠাতে পারবো?,namjari_khatian_copy
অনলাইন থেকে খতিয়ান সংগ্রহ সম্ভব কি?,namjari_khatian_copy
পোস্ট অফিস থেকে শুনানীর নোটিশ আমি কিভাবে পাবো?,namjari_hearing_notification
এনআইডি ছাড়া কি মোবাইল দিয়ে নিবন্ধন সম্ভব?,namjari_registration
আমি নামজারি আবেদন করতে কি ভূমি অফিসে যাওয়া লাগে?,namjari_application_procedure
অনলাইনে মিউটেশন করতে কি করতে হবে?,namjari_process
মিউটেশন সেবা কিভাবে গ্রহণ করতে পারি?,namjari_process
নামজারি আবেদন করেছি অনেকদিন এখন কি অবস্থায় আছে জানবো কিভাবে?,namjari_status_check
"আমি বিদেশে থাকি, প্রতিনিধি কি আমার নামজারি করতে পারবে?",namjari_by_representative
জমি উত্তরাধিকারসূত্রে পেলে কি নামজারি অনলাইনে হয়?,namjari_inheritance_documents
অনলাইনে খারিজ সেবা কিভাবে নিতে পারি?,namjari_process
নামজারির শুনানীর তারিখের জন্য মোবাইল করে খোজ নেব কিনা?,namjari_hearing_notification
নামজারি মামলা আজই কি অবস্থায় আছে কিভাবে জানবো?,namjari_status_check
শুনানীতে সবগুলো আবেদনকারীকে যেতে হবে নাতো?,namjari_hearing_documents
নামজারি কখন করতে হয়?,namjari_eligibility
নামজারি আবেদন করেছি কিছুদিন কি অবস্থায় আছে জানবো কিভাবে?,namjari_status_check
আমার পিতা মারা গেছেন আমি তো জমি খাই নামজারি করা লাগবে কি?,namjari_eligibility
আবেদনকারী না গেলে শুনানীতে সমস্যা হবে কি?,namjari_hearing_documents
আমার নামজারি মঞ্জুর হয়েছে খতিয়ান প্রিন্ট কপি কোথায় পাবো?,namjari_khatian_copy
নামজারি মামলার স্ট্যাটাস অফিস থেকে কিভাবে জানতে পারবো?,namjari_status_check
নামজারি মামলার অবস্থা এখন জানার উপায় কি?,namjari_status_check
আমার নামজারি মঞ্জুর হয়েছে খতিয়ান প্রিন্ট কপি কিভাবে পেতে পারি?,namjari_khatian_copy
আমি নামজারি নিজে করবো কি করতে হবে?,namjari_application_procedure
খতিয়ানে নাম ভুল আছে সংশোধন করতে কি করতে হবে?,namjari_khatian_correction
জমি ক্রয়ের পরে কি নামজারি আবশ্যক?,namjari_eligibility
"অনলাইনে নামজারি করতে চাই, কি করতে হবে?",namjari_process
নামজারির আবেদন কোথায় করতে হয়?,namjari_application_procedure
নামজারি করতে এনআইডি আর ছবির ফটোকপি লাগে কিনা?,namjari_required_documents
"আমার বাবা মারা গেছেন, এখন ওয়ারিশ মতে নামজারি করতে হবে কি?",namjari_inheritance_documents
আমাদের বাবা মারা গেছেন এখন ওয়ারিশদের নামে নাম জারি করতে হবে কি?,namjari_inheritance_documents
আমি কি নিজে নামজারি আবেদন করতে পারবো?,namjari_application_procedure
"আমি বিদেশে থাকি, আমার ভাই কি আমার নামজারি করতে পারে?",namjari_by_representative
শুনানীর সময় কি আবেদনকারীকেই যেতে হবে?,namjari_hearing_documents
"নামজারি করতে একজন ৫০০০/ টাকা চায়, আসলে কত খরচ?",namjari_fee
শুনানীর জন্য কি কি সমস্ত কাগজপত্রই নিয়ে যাবো?,namjari_hearing_documents
ওয়ারিশ নামজারি করতে কি আবেদন করতে হয়?,namjari_inheritance_documents
খতিয়ান নাম ভুল লেখা কিভাবে সংশোধন করবো?,namjari_khatian_correction
আমি খারিজের মিউটেশনের আবেদন করেছিলাম এখন খতিয়ান কিভাবে পাবো,namjari_khatian_copy
আমি বিদেশে থাকি নামজারি আবেদন প্রতিনিধি দিয়ে করা যায় কিনা?,namjari_by_representative
অনলাইনে নামজারি মঞ্জুর হয়েছে খতিয়ানের প্রিন্ট কপি কোথায় থেকে পাবো?,namjari_khatian_copy
নামজারি করতে ছবি আর ছবির ফটোকপি লাগে কিনা?,namjari_required_documents
নামজারি আবেদন প্রতিনিধি হলে কি পরিচয়পত্র লাগবে?,namjari_by_representative
অনলাইনে মিউটেশন সেবা নিতে কি করতে হবে?,namjari_process
পক্ষে আবেদন করতে হলে কি পাওয়ার অফ অ্যাটর্নি দিতে হবে?,namjari_by_representative
অন্য কেউ কি আমার হয়ে নামজারি আবেদন করতে পারবে?,namjari_by_representative
শুনানীর নোটিশ আমি কিভাবে পাবো?,namjari_hearing_notification
নামজারি করতে ফটোকপি আর এনআইডি লাগে কিনা?,namjari_required_documents
আমি জমি কিনেছি আমার নামজারি করা হবে কি?,namjari_eligibility
নিবন্ধন করতে নিজের জন্মনিবন্ধন থাকতে হবে?,namjari_registration
"মিউটেশন সেবা নিতে চাই, কি করতে হবে?",namjari_process
আমি নিজে কি নামজারি করতে পারি?,namjari_application_procedure
"আমি ব্যস্ত, আমার হয়ে কেউ কাগজ নিয়ে গেলে কি হবে?",namjari_hearing_documents
ওয়ারিশমতে নামজারি শুরু করার প্রক্রিয়া কী?,namjari_inheritance_documents
নামজারি মঞ্জুর হয়েছে খতিয়ান কপি আমি কিভাবে পেতে পারি?,namjari_khatian_copy
নামজারির জন্য কি বেশি খরচ হবে?,namjari_fee
নামজারি আবেদনের সরকারি খরচ কত?,namjari_fee
আমি বিদেশে থাকি আমার ভাই বা আত্মীয় কি নামজারির আবেদন করতে পারবে?,namjari_by_representative
কেউ অতিরিক্ত টাকা চাইলে কি করবো?,namjari_fee
অনলাইনে নামজারি সেবা কিভাবে গ্রহণ করতে পারি?,namjari_process
নামজারি করতে ফটোকপি আর দলিল লাগে কিনা?,namjari_required_documents
নামজারি করার জন্য কোথায় যেতে হবে?,namjari_application_procedure
"কোর্ট রায়ডিক্রী দিছে আমার নামে ,দখলে আছি নামজারি লাগবে কি?",namjari_eligibility
নামজারি আবেদন করতে সরকারি খরচ কত?,namjari_fee
নামজারি করতে কত টাকা সরকারকে দিতে হবে?,namjari_fee
নামজারি করতে ছবির ফটোকপি আর ছবির ফটোকপি লাগে কিনা?,namjari_required_documents
নামজারি মামলার অবস্থা বিস্তারিত জানার উপায় কি?,namjari_status_check
এসি (ল্যান্ড) শুনানী না নিয়ে নামঞ্জুর করেছেন তাহলে আবার কি আবেদন করবো?,namjari_rejected_appeal
"আমার বাবা মারা গেছেন, এখন ওয়ারিশদের নামে নামজারি করতে হবে কি?",namjari_inheritance_documents
"আমাদের বাবা মারা গেছেন, এখন ওয়ারিশদের নামে নামজারি করতে হবে কি?",namjari_inheritance_documents
নামজারি মামলার অবস্থা মোবাইলে জানার উপায় কি?,namjari_status_check
নামজারির আবেদনের পর শুনানীর তারিখটা কিভাবে জানবো?,namjari_hearing_notification
অনলাইনে নামজারি মঞ্জুর হয়েছে খতিয়ান কপি কিভাবে পেতে পারি?,namjari_khatian_copy
"আমাদের বাবা মারা গেছেন, এখন সব ওয়ারিশদের নামে নাম জারি করতে হবে কি?",namjari_inheritance_documents
শুনানীর সময় কি সমস্ত আবেদনকারীকে-ই যেতে হবে?,namjari_hearing_documents
নিবন্ধনের জন্য কি কি কাগজপত্র লাগবে?,namjari_registration
নামজারির আবেদনের জন্য কত ফি হবে?,namjari_fee
নামজারি বাতিল হলে আবার আবেদন করা যাবে কি?,namjari_rejected_appeal
নামজারির সব আবেদনকারীকে কি শুনানীতে উপস্থিত থাকতে হয়?,namjari_hearing_documents
ফটোকপি দলিল জমা দিলে নামজারি হবে কি?,namjari_required_documents
আমি নামজারি করব কি করতে হবে?,namjari_application_procedure
নামজারি করতে ছবি ছাড়া আর কি লাগে?,namjari_required_documents
বাবার মৃত্যু হলে কি নামজারি করতে হয়?,namjari_eligibility
নামজারির আবেদন করতে ফি কত?,namjari_fee
দলিলের দাতার নামে রেকর্ড না থাকলে নামজারি করা যাবে?,namjari_required_documents
খারিজ সেবা কিভাবে নিতে পারি?,namjari_process
নামজারি মঞ্জুর হয়েছে খতিয়ান প্রিন্ট কপি নিজে কি নিতে পারবো?,namjari_khatian_copy
আমার বাবা মারা গেছেন এখন ওয়ারিশদের নামে নাম জারি করতে হবে কি?,namjari_inheritance_documents
মিউটেশন সেবা নিতে কি করতে হবে?,namjari_process
"আমি বিদেশে থাকি, অন্য কেউ কি আমার নামজারি করতে পারবে?",namjari_by_representative
"আমি জমি কিনেছি, আমার কি নামজারি করা যাবে?",namjari_eligibility
"নামজারি হয়ে গেছে, এখন খতিয়ানের কপি কীভাবে পাবো?",namjari_khatian_copy
"অনলাইনে আবেদন দিয়েছি অনেকদিন, এখনও কোনো খবর নেই, এখন কোথায় আছে মামলাটা?",namjari_rejected_appeal
"বাবার মৃত্যু হয়েছে, আমাদের নামে কি নামজারি করতে হবে?",namjari_inheritance_documents
শুনানীর নোটিশ পেতে মোবাইল করে খোজ নেব কিনা?,namjari_hearing_notification
"আমাদের বাবা মারা গেছেন, এখন আমার নামে নামজারি করতে হবে কি?",namjari_inheritance_documents
নামজারি আবেদন করতে হলে কিকি দলিল লাগবে?,namjari_required_documents
নামজারি মঞ্জুর হয়েছে খতিয়ান কপি কিভাবে পেতে পারি?,namjari_khatian_copy
আমি মহিলা মানুষ জমিজমার অত শত বুঝিনা এখন খারিজ নামজারি টে অন্য আরেকজন আমার সোয়ামি ভাই বাপ করতে পারবে কি?,namjari_by_representative
নামজারি করতে এনআইডি আর ছবি লাগে কিনা?,namjari_required_documents
একাধিক আবেদনের জন্য কি বেশি খরচ হবে?,namjari_fee
অনলাইনে মিউটেশন সেবা কিভাবে পেতে পারি?,namjari_process
শুনানীর তারিখ জানার জন্য মোবাইল করে খোজ নেব কিনা?,namjari_hearing_notification
অনলাইনে দেওয়া ডকুমেন্ট কি যথেষ্ট নয়?,namjari_hearing_documents
নামজারির আবেদন দাখিলের পর শুনানীর বিষয়ে কিভাবে জানবো?,namjari_hearing_notification
আমি নিজে না করলে নামজারি আবেদন প্রতিনিধি দিয়ে করা যায় কিনা?,namjari_by_representative
নামজারির শুনানী সম্পর্কিত তথ্য কোথায় পাবো?,namjari_hearing_notification
আবেদনকারী না গেলে শুনানী হবে না কি?,namjari_hearing_documents
নামজারি করতে কি কি ফটোকপি লাগে?,namjari_required_documents
নামজারির জন্য নিবন্ধন করতে কি জন্মনিবন্ধন লাগে?,namjari_registration
ওয়ারিশ মতে নামজারি করতে কি কি কাগজ লাঘে?,namjari_inheritance_documents
আমার নামজারি মঞ্জুর হলে খতিয়ান কি নিজে উঠাতে পারবো?,namjari_khatian_copy
নামজারির জন্য কি বেশি টাকা লাগে?,namjari_fee
আবেদন নামঞ্জুর হলে এখন আবার কি আবেদন করবো?,namjari_rejected_appeal
খারিজ কিভাবে করতে পারি?,namjari_process
ইউনিয়ন ভূমি অফিসে না গেলে সমস্যা হবে কি?,namjari_hearing_notification
শুনানীর তারিখ কি মেসেজে জানানো হয়?,namjari_hearing_notification
"নামজারি না মঞ্জুর হয়েছে, এখন আমাকে কি কোনো কোর্টে যেতে হবে?",namjari_rejected_appeal
দলিল বাদেও নামজারির জন্য কি দরকার?,namjari_required_documents
নামজারির শুনানীর নোটিশের জন্য পোস্ট অফিসে খোঁজ নিতে হবে কি?,namjari_hearing_notification
"আবেদন জমা দিয়েছি, ইউনিয়ন অফিসে গিয়ে কিছু বলা লাগে?",namjari_hearing_notification
নামজারি আবেদন করেছি এতদিন কি অবস্থায় আছে জানবো কিভাবে?,namjari_status_check
নামজারির জন্য নিবন্ধন করতে এনআইডি দরকার কি?,namjari_registration
আমি কি নামজারি আবেদন করতে ভূমি অফিসে যাওয়া লাগবে?,namjari_application_procedure
আমি কি নিজে নামজারি করতে ভূমি অফিসে যাওয়া লাগে?,namjari_application_procedure
নামজারি মামলার স্ট্যাটাস বিস্তারিত কিভাবে জানতে পারবো?,namjari_status_check
উত্তরাধিকারসূত্রে জমি পেলে নামজারি করবো কিভাবে?,namjari_eligibility
আমার বাবা মারা গেছেন এখন সব ওয়ারিশের নামে নামজারি করতে হবে কি?,namjari_inheritance_documents
নামজারি মামলা নামঞ্জুর হয়েছে এখন কি করবো?,namjari_rejected_appeal
নামজারি মামলা আজকে কি অবস্থায় আছে কিভাবে জানবো?,namjari_status_check
নামজারি সেবা কিভাবে পেতে পারি?,namjari_process
"আমি হচ্ছে জমি কিনেছি তো জমি খারিজ, নামজারি, মিউটেশন করতে চাচ্ছিলাম, এখন কিভাবে কি করবো",namjari_process
শুনানীর জন্য সমস্ত কাগজপত্রই কি নিয়ে যেতে হবে?,namjari_hearing_documents
নামঞ্জুর হওয়ায় কোন আদালতে অভিযোগ জানাতে হয়?,namjari_rejected_appeal
শুনানীর জন্য কি কি দরকারি কাগজপত্র নিয়ে যাবো?,namjari_hearing_documents
একাধিক নামজারির জন্য কি বেশি ফি লাগে?,namjari_fee
নামজারি শেষ হলে কি সরাসরি অনলাইনে খতিয়ান ডাউনলোড করা যায়?,namjari_khatian_correction
নিবন্ধন করতে নিজের মোবাইল লাগে কি?,namjari_registration
নামজারি মামলা নামঞ্জুর হলে তাহলে কি করবো?,namjari_rejected_appeal
নামজারির নিবন্ধন করতে হলে কি দলিল দরকার হয়?,namjari_registration
"অনেকদিন আগে আবেদন করেছি, এখনো কিছু জানি না কিভাবে জানবো?",namjari_status_check
খারিজের জন্য আবেদন করার প্রক্রিয়া কী?,namjari_application_procedure
নামজারি মঞ্জুর হয়েছে খতিয়ান কি নিজে উঠাতে পারবো?,namjari_khatian_copy
আমি বিদেশে থাকি আমার ভাই বা আত্মীয় নামজারির আবেদন করতে পারে কিনা?,namjari_by_representative
শুনানীর নোটিশ পেতে পোস্ট অফিসে খোঁজ নিতে হবে কি?,namjari_hearing_notification
নামজারি করতে দলিল আর ছবির ফটোকপি লাগে কিনা?,namjari_required_documents
অনলাইনে নামজারি মঞ্জুর হয়েছে খতিয়ান কপি কোথায় পাবো?,namjari_khatian_copy
নিবন্ধন করতে এনআইডি বা জন্মনিবন্ধন দরকার কি?,namjari_registration
নামজারির জন্য নিবন্ধন করতে কি কি দরকার?,namjari_registration
খতিয়ান নাম ভুল সংশোধন করতে কি করতে হবে?,namjari_khatian_correction
নামজারি করতে দলিলের ফটোকপি আর এনআইডি লাগে কিনা?,namjari_required_documents
মামলা নামঞ্জুর হলে আবার কি আবেদন করবো?,namjari_rejected_appeal
"আমি জমি কিনেছি, আমার কি নামজারি করা হবে?",namjari_eligibility
নামজারি শেষ হলে কি আমি খতিয়ান তুলতে পারি?,namjari_khatian_copy
আমি নিজে নামজারি করবো কি ভূমি অফিসে যাওয়া লাগে?,namjari_application_procedure
নামজারি আবেদন করতে কত ফি লাগে?,namjari_fee
নিজের আবেদন ভালো হবে না কি পেশাদার সাহায্যে করবো?,namjari_application_procedure
"নামজারি সেবা নিতে চাই, কি করতে হবে?",namjari_process
নামজারি মঞ্জুর হয়েছে খতিয়ান ত্রুটি আছে কি করতে পারি?,namjari_khatian_correction
নামজারি মামলার স্ট্যাটাস এখনই কিভাবে জানতে পারবো?,namjari_status_check
"আমি দুইবার নামজারির চেষ্টা করলাম, দুইবারই বাদ দিয়েছে, এখন আর কোনো পথ আছে?",namjari_rejected_appeal
অনলাইনে নামজারি মঞ্জুর হয়েছে খতিয়ান কি আমি উঠাতে পারবো?,namjari_khatian_copy
নামজারি মঞ্জুর হয়েছে খতিয়ানের প্রিন্ট কপি আমি কোথায় পাবো?,namjari_khatian_copy
"অনেকদিন হয়ে গেলো আবেদন করেছি, কোনো চিঠি বা কল আসেনি, নামজারি কেস কি হয়েছে বুঝতে পারছি না",namjari_rejected_appeal
শুনানীর সুযোগ না দিয়ে নামঞ্জুর করায় আমি কীভাবে আপিল করবো?,namjari_rejected_appeal
আমার বাবা মারা গেছেন এখন আমাদের নামে নাম জারি করতে হবে কি?,namjari_inheritance_documents
নামজারির জন্য আবশ্যক কাগজপত্র কি?,namjari_required_documents
নিবন্ধন করতে দলিল লাগে কি?,namjari_registration
নোটিশ না পেলে কি মামলার কোনো সমস্যা হয়েছে?,namjari_status_check
আমি জমি কিনেছি আমার নামজারি করা যাবে কি?,namjari_eligibility
"আমি জমি কিনেছি, নামজারি করতে হবে কি?",namjari_eligibility
নামজারি করতে ছবির ফটোকপি আর দলিল লাগে কিনা?,namjari_required_documents
নামজারি করতে কি কি ছবির ফটোকপি লাগে?,namjari_required_documents
"আমার বাবা মারা গেছেন, এখন সব ওয়ারিশদের নামে নাম জারি করতে হবে কি?",namjari_inheritance_documents
শুনানীর সময় কি সকল আবেদনকারীকে-ই যেতে হবে?,namjari_hearing_documents
খতিয়ানে জমির পরিমাণ ভুল সংশোধন করতে কি করতে হবে?,namjari_khatian_correction
প্রতিনিধি দিয়ে নামজারি করালে কি তার নামে জমি হয়ে যাবে?,namjari_by_representative
শুনানীর সময় কি আবেদনকারীকে যেতে হবে?,namjari_hearing_documents
আমি নামজারি আবেদন করবো কি ভূমি অফিসে যাওয়া লাগে?,namjari_application_procedure
আমার নামজারি মঞ্জুর হয়েছে খতিয়ান কি আমি উঠাতে পারবো?,namjari_khatian_copy
নামজারি মামলা নামঞ্জুর হলে তখন কি করবো?,namjari_rejected_appeal
শুনানীতে উপস্থিতির জন্য কি পাওয়ার অফ অ্যাটর্নি দরকার?,namjari_hearing_documents
শুনানীর সময় কি আবেদনকারীদেরকে-ই যেতে হবে?,namjari_hearing_documents
নামজারি আবেদন নিজে না করলে কি প্রতিনিধি দিয়ে করা যায়?,namjari_by_representative
"কেউ নামজারির জন্য ৫০০০ টাকা চাচ্ছে, এটা কি ঠিক?",namjari_fee
"শ্রেণি ভুল এসেছে খতিয়ানে, এখন কি কোনো সংশোধনের আবেদন করতে হবে?",namjari_khatian_correction
"আমি দলিল করে জমি পাইছি, নামজারি করা যাবে কি?",namjari_eligibility
"ভাই, খারিজের পরে শুনানি কবে হবে সেটা কিভাবে জানতে পারি?",namjari_hearing_notification
খারিজ সেবা পেতে কি করতে হবে?,namjari_process
আমি জমি কিনেছি আমার কি নামজারি করা যাবে?,namjari_eligibility
খতিয়ানে সংশোধন করতে কি করতে হবে?,namjari_khatian_correction
নিবন্ধনের জন্য কি এনআইডি বাধ্যতামূলক?,namjari_registration
"আমি দলিল করে জমি পাইছি, নামজারি করা হবে?",namjari_eligibility
নামজারি নিবন্ধন করতে কি কি দরকার?,namjari_registration
জমি নেয়ার পর কখন নামজারি করতে হয়?,namjari_eligibility
"আমি থাকিনা, আমার ভাই কি নামজারির আবেদন করতে পারবে?",namjari_by_representative
নামজারি মঞ্জুর হলে খতিয়ান কপি আমি কোথায় থেকে পাবো?,namjari_khatian_copy
নামজারি করতে ছবি আর এনআইডির ফটোকপি লাগে কিনা?,namjari_required_documents
অনলাইনে খারিজ সেবা নিতে হলে কি করতে হবে?,namjari_process
খতিয়ানের প্রিন্ট নিজে নিতে হলে কোথায় যেতে হবে?,namjari_khatian_copy
নামজারির শুনানীর নোটিশ কিভাবে পোস্ট অফিস থেকে পাবো?,namjari_hearing_notification
খতিয়ানে সংশোধন করতে কত টাকা লাগে?,namjari_khatian_correction
অনলাইনে মিউটেশন কিভাবে করতে পারি?,namjari_process
আমি বিদেশে থাকি প্রতিনিধি দিয়ে নামজারির আবেদন করা যাবে কিনা?,namjari_by_representative
খতিয়ান সংশোধনের জন্য কীভাবে আবেদন করবো?,namjari_khatian_correction
শুনানীর নোটিশ না পেলে পোস্ট অফিসে খোঁজ নিতে হবে কি?,namjari_hearing_notification
আমি দলিল করে জমি পাইছি নামজারি করা লাগবে কি?,namjari_eligibility
খতিয়ানে নাম ভুল লেখা সংশোধন করতে কি কি কাগজ লাগে?,namjari_khatian_correction
আমি নিজে না করতে পারলে নামজারি আবেদন প্রতিনিধি দিয়ে করা যাবে কিনা?,namjari_by_representative
আমি কারো সাহায্যে কি নামজারি আবেদন করতে পারি?,namjari_application_procedure
নামজারি আবেদনের জন্য কত ফি হবে?,namjari_fee
আমি নিজে কি নামজারি আবেদন করা যাবে?,namjari_application_procedure
খতিয়ান অনলাইনে কোথায় দেখা বা সংগ্রহ করা যাবে?,namjari_khatian_copy
অনলাইনে ওয়ারিশ অনুযায়ী নামজারি কিভাবে করবো?,namjari_inheritance_documents
নামজারির আপডেট জানার জন্য কোথায় যোগাযোগ করবো?,namjari_status_check
নামজারির খতিয়ানে ত্রুটি থাকলে কোথায় অভিযোগ করবো?,namjari_khatian_correction
একজন গেলেই হবে নাকি সবাইকে যেতে হয়?,namjari_hearing_documents
"আমি বিদেশে থাকি, ভাই বা আত্মীয় কি আমার নামজারি করতে পারবে?",namjari_by_representative
আমাদের বাবা মারা গেছেন এখন সব ওয়ারিশের নামে নামজারি করতে হবে কি?,namjari_inheritance_documents
নামজারি মামলার স্ট্যাটাস মোবাইলে কিভাবে জানতে পারবো?,namjari_status_check
খতিয়ানে নাম ভুল লেখা সংশোধন করতে কি করতে হবে?,namjari_khatian_correction
আমি দলিল করে জমি পাইছি নামজারি করা যাবে কি?,namjari_eligibility
বাবার জমির উপর নামজারি দরকার কি?,namjari_eligibility
আমি তো এলাকায় থাকিনা এখন আমার খারিজ অন্য কেউ করলে সেই ক্ষেত্রে কি কি লাগবে?,namjari_by_representative
নিজে না করে নামজারির আবেদন প্রতিনিধি দিয়ে করা যাবে কি?,namjari_by_representative
একাধিক নামজারির আবেদনের জন্য কি বেশি খরচ হবে?,namjari_fee
ওয়ারিশ নামজারির জন্য কি ওয়ারিশান সনদ লাগে?,namjari_inheritance_documents
"শুনানির দিন আবার কাগজ নিয়ে যেতে হবে, কেন?",namjari_hearing_documents
"ওয়ারিশ মতে অন লাইনে নামজারি, খারিজ, মিউটেশন করা যায় কিনা?",namjari_inheritance_documents
নামজারির আবেদনের জন্য কি বেশি টাকা লাগে?,namjari_fee
নামজারি বাতিল হলে কোন ফোরামে যেতে হবে?,namjari_rejected_appeal
আমার সব কাগজাদি ঠিক আছে নামজারি মামলা না মঞ্জুর হয়েছে কি করবো?,namjari_rejected_appeal
শুনানীর জন্য সব প্রয়োজনীয় কাগজপত্রই কি নিয়ে যেতে হবে?,namjari_hearing_documents
অনলাইনে মিউটেশন সেবা পেতে কি করতে হবে?,namjari_process
নামজারির জন্য নিবন্ধন করতে নিজের এনআইডি থাকতে হবে?,namjari_registration
আমি নিজে নামজারি আবেদন করতে কি ভূমি অফিসে যাওয়া লাগে?,namjari_application_procedure
অনলাইনে নামজারি সেবা কিভাবে নিতে পারি?,namjari_process
একাধিক নামজারি আবেদনের জন্য কি বেশি ফি লাগে?,namjari_fee
নামজারির সময় মোবাইল নম্বর ছাড়া নিবন্ধন সম্ভব?,namjari_registration
খতিয়ান জমির পরিমাণ ভুল লেখা সংশোধন করতে কত টাকা লাগে?,namjari_khatian_correction
নামজারি নিবন্ধনের জন্য কি কি ডকুমেন্ট জমা দিতে হয়?,namjari_registration
শুনানীর নোটিশের জন্য কি পোস্ট অফিসে খোঁজ নিতে হবে?,namjari_hearing_notification
আবেদন দাখিলের পর শুনানীর নোটিশ কিভাবে পাবো?,namjari_hearing_notification
নামজারি মামলার অবস্থা এখনই জানার উপায় কি?,namjari_status_check
জমি কেনার পরে নামজারি না করলে কি সমস্যা হবে?,namjari_eligibility
নিবন্ধন করতে কি এনআইডি বা জন্মনিবন্ধন লাগে?,namjari_registration
আমি নামজারি করতে কি ভূমি অফিসে যাওয়া লাগে?,namjari_application_procedure
নামজারির জন্য কি ভূমি অফিসে যেতে হবে?,namjari_application_procedure
আমি বিদেশে থাকি আমার ভাই বা আত্মীয় প্রতিনিধি হয়ে নামজারির আবেদন করতে পারে কিনা?,namjari_by_representative
নামজারির জন্য নিবন্ধন করতে এনআইডি লাগে কি?,namjari_registration
খতিয়ান নাম ভুল লেখা সংশোধন করতে কত টাকা লাগে?,namjari_khatian_correction
নামজারি করা কি সময়সীমার মধ্যে করতে হয়?,namjari_eligibility
"আমার বাবা মারা গেছেন, এখন আমাদের নামে নাম জারি করতে হবে কি?",namjari_inheritance_documents
নামজারি মামলার অবস্থা দ্রুত জানার উপায় কি?,namjari_status_check
নামজারি মামলা নামঞ্জুর হলে কি করবো?,namjari_rejected_appeal
আমাদের বাবা মারা গেছেন এখন সব ওয়ারিশের নামে নাম জারি করতে হবে কি?,namjari_inheritance_documents
নামজারির জন্য নিবন্ধন করতে নিজের দলিল থাকতে হবে?,namjari_registration
নামজারি মামলার স্ট্যাটাস ঠিক কিভাবে জানতে পারবো?,namjari_status_check
নামজারি করতে এনআইডির ফটোকপি আর এনআইডির ফটোকপি লাগে কিনা?,namjari_required_documents
শুনানীর জন্য সব কাগজপত্রই কি নিয়ে যেতে হবে?,namjari_hearing_documents
খতিয়ানে ভুল থাকলে সংশোধনের উপায় কী?,namjari_khatian_correction
আবেদনকারী ছাড়া কি অন্য কেউ শুনানীতে যেতে পারে?,namjari_hearing_documents
আমার বাবা মারা গেছেন এখন ওয়ারিশের নামে নামজারি করতে হবে কি?,namjari_inheritance_documents
নামজারির আবেদনের জন্য সরকারি ফি কত?,namjari_fee
নামজারি মঞ্জুর হলে খতিয়ানের প্রিন্ট কপি নিজে কি নিতে পারবো?,namjari_khatian_copy
নামজারির আবেদন দাখিলের পর শুনানীর জন্য আমি কিভাবে জানবো?,namjari_hearing_notification
"আমি থাকিনা, অন্য কেউ কি আমার নামজারি করতে পারবে?",namjari_by_representative
নিবন্ধন করতে এনআইডি বা জন্মনিবন্ধন লাগে কি?,namjari_registration
নিবন্ধন করতে কি কি লাগে?,namjari_registration
ওয়ারিশ মতে নামজারি করতে কিকি কাগজ লাঘে?,namjari_inheritance_documents
বণ্টননামা ছাড়া কি নামজারি হবে?,namjari_inheritance_documents
আমার পিতা মারা গেছেন আমি তো জমি খাই নামজারি করা হবে কি?,namjari_eligibility
নামজারির আবেদন করতে কত টাকা লাগে?,namjari_fee
নামজারি মঞ্জুর হলে খতিয়ান আমি কি নিজে উঠাতে পারবো?,namjari_khatian_copy
নামজারির আবেদনের ফি কত?,namjari_fee
"আমি জমি কিনেছি, নামজারি করা যাবে কি?",namjari_eligibility
শুনানীর জন্য আসল কাগজপত্রই কি নিয়ে যেতে হবে?,namjari_hearing_documents
আবেদন নামঞ্জুর হয়েছে এখন কি করবো?,namjari_rejected_appeal
নামজারির আবেদনের পর শুনানীর জন্য মোবাইল করে খোজ নেব কিনা?,namjari_hearing_notification
নামজারি কেস কাকে অ্যাসাইন হয়েছে জানার উপায় আছে?,namjari_rejected_appeal
"আমাদের বাবা মারা গেছেন, এখন আমাদের নামে নামজারি করতে হবে কি?",namjari_inheritance_documents
বণ্টনের কাগজ ছাড়া নামজারির আবেদন হবে কি?,namjari_inheritance_documents
অনলাইনে নামজারি করতে হলে কি করতে হবে?,namjari_process
নামজারি মামলা আপাতত কি অবস্থায় আছে কিভাবে জানবো?,namjari_status_check
শুনানীর চিঠি কি বাড়িতে আসে?,namjari_hearing_notification
নামজারি করতে ছবি আর ছবি লাগে কিনা?,namjari_required_documents
আমার নামজারি মঞ্জুর হয়েছে খতিয়ান কপি কোথায় থেকে পাবো?,namjari_khatian_copy
নিবন্ধন করতে জন্মনিবন্ধন লাগে কি?,namjari_registration
"আমি নারী, নামজারির প্রক্রিয়া বুঝি না, কাকে দিয়ে করাবো?",namjari_by_representative
আমাদের বাবা মারা গেছেন এখন ওয়ারিশের নামে নামজারি করতে হবে কি?,namjari_inheritance_documents
নিবন্ধন করতে কি দলিল দরকার?,namjari_registration
আমার নামজারি মামলা কি অবস্থায় আছে কিভাবে জানবো?,namjari_status_check
নিবন্ধন করতে নিজের মোবাইল দরকার কি?,namjari_registration
শুনানীর তারিখ সম্পর্কে কিভাবে জানতে পারবো?,namjari_hearing_notification
নামজারি আবেদন জমা দিতে কি সেবাপোর্টালে যেতে হয়?,namjari_application_procedure
"আমি বিদেশে থাকি, অন্য কেউ কি নামজারির আবেদন করতে পারবে?",namjari_by_representative
নামজারি করতে দলিলের ফটোকপি আর দলিল লাগে কিনা?,namjari_required_documents
নামজারি মামলা নামঞ্জুর হয়েছে এখন কোন আদালতে যাবো?,namjari_rejected_appeal
কোর্টের রায়ের পরও কি নামজারি করতে হয়?,namjari_eligibility
প্রতিনিধি দিয়ে নামজারি করালে কি প্রতিনিধির নামে জমি হয়ে যাবে?,namjari_by_representative
নামজারি আবেদন দাখিল হলে ভূমি অফিসে যোগাযোগ করতে হবে কিনা?,namjari_hearing_notification
আমি নিজে নামজারি আবেদন করবো কি করতে হবে?,namjari_application_procedure
আমার নামজারি মঞ্জুর হয়েছে খতিয়ান কপি নিজে কোথায় থেকে পাবো?,namjari_khatian_copy
আমি নিজে কি নামজারি আবেদন করতে পারি?,namjari_application_procedure
শুনানীর জন্য সব কাগজ কি নিয়ে যেতে হবে?,namjari_hearing_documents
শুনানীতে সকল আবেদনকারীকে-ই যেতে হবে নাতো?,namjari_hearing_documents
ওয়ারিশ মতে অনলাইনে নাম জারি করা যায় কিনা?,namjari_inheritance_documents
খতিয়ান ভুল কিভাবে সংশোধন করবো?,namjari_khatian_correction
নামজারি মামলার স্ট্যাটাস অনলাইনে কিভাবে জানতে পারবো?,namjari_status_check
একাধিক নামজারির আবেদনের জন্য কি বেশি টাকা লাগে?,namjari_fee
নামজারি করতে কত খরচ হবে?,namjari_fee
নামজারি সেবা গ্রহণ করতে কি করতে হবে?,namjari_process
অনলাইন নামজারির পর খতিয়ানের কপি কোথায় পাওয়া যায়?,namjari_khatian_copy
"আমার সব ডকুমেন্ট ঠিক থাকার পরেও নামঞ্জুর করেছে, এখন পরবর্তী পদক্ষেপ কী?",namjari_rejected_appeal
ওয়ারিশ মতে অন লাইনে নামজারি করা যায় কি না?,namjari_inheritance_documents
"দু'বার আবেদন করেও নামঞ্জুর করেছে, এবার কি কোনো ভিন্নভাবে ট্রাই করা যাবে?",namjari_rejected_appeal
খতিয়ানে নাম ভুল থাকলে সংশোধন কিভাবে করবো?,namjari_khatian_correction
নামজারির জন্য কত টাকা লাগে?,namjari_fee
খারিজ সেবা নিতে হলে কী করণীয়?,namjari_process
নামজারি করতে কি কি এনআইডির ফটোকপি লাগে?,namjari_required_documents
নামজারির নিবন্ধনে কি ফোন নম্বর দিতে হয়?,namjari_registration
"আমি বিদেশে থাকি, আমার ভাই বা আত্মীয় কি আমার নামজারি করতে পারবে?",namjari_by_representative
আমি কারো সাহায্যে নামজারি আবেদন করতে কি ভূমি অফিসে যাওয়া লাগে?,namjari_application_procedure
আমি কি নামজারি আবেদন নিজে করতে পারবো?,namjari_application_procedure
আমি বিদেশে থাকি প্রতিনিধি দিয়ে নামজারি করা যাবে কিনা?,namjari_by_representative
জমির ভাগাভাগির দলিল না থাকলে কি নামজারি করা যাবে?,namjari_inheritance_documents
আমার নামজারির শুনানির সময় জানার কোনো সহজ উপায় আছে?,namjari_hearing_notification
নামজারির জন্য নিবন্ধন করতে নিজের এনআইডি দরকার কি?,namjari_registration
শুনানীর জন্য কি কি সব প্রয়োজনীয় কাগজপত্র নিয়ে যাবো?,namjari_hearing_documents
শুনানীর জন্য কি কি আসল কাগজপত্রই নিয়ে যাবো?,namjari_hearing_documents
খারিজ মামলার স্ট্যাটাস কিভাবে জানতে পারবো?,namjari_status_check
"নামজারি হয়ে গেছে শুনেছি, এখন আমি কি নিজেই প্রিন্ট করে খতিয়ান তুলতে পারি?",namjari_khatian_correction
দুবার আবেদন করেছি দুবারই নামঞ্জুর করেছে?,namjari_rejected_appeal
নিবন্ধন করতে নিজের দলিল দরকার কি?,namjari_registration
শুনানীতে সকল আবেদনকারীকে যেতে হবে নাতো?,namjari_hearing_documents
নামজারি মামলার স্ট্যাটাস এখন কিভাবে জানতে পারবো?,namjari_status_check
"আমি বিদেশে থাকি, আমার ভাই বা আত্মীয় কি আমার নামজারি করতে পারে কিনা?",namjari_by_representative
নামজারির জন্য নিবন্ধন করতে মোবাইল লাগে কি?,namjari_registration
নিবন্ধন করতে নিজের দলিল লাগে কি?,namjari_registration
এসি (ল্যান্ড) শুনানী না নিয়ে নামঞ্জুর করেছেন এরপর কি করবো?,namjari_rejected_appeal
নামজারি করতে অতিরিক্ত কি লাগে দলিল ছাড়া?,namjari_required_documents
"নামজারি করতে ৫০০০ টাকা লাগার কথা বলছে, আসলে কত?",namjari_fee
শুনানীর সময় কি সকল আবেদনকারীকে যেতে হবে?,namjari_hearing_documents
"আমি খারিজের জন্য ফর্ম জমা দিয়েছিলাম, এখন এটা কোন স্টেপে আছে জানার উপায় আছে কি?",namjari_rejected_appeal
নামজারির আবেদন দাখিলের পর শুনানীর সময় কিভাবে জানবো?,namjari_hearing_notification
এসি (ল্যান্ড) শুনানী না নিয়ে নামঞ্জুর করেছেন এখন আবার কি আবেদন করবো?,namjari_rejected_appeal
শুনানীর জন্য মূল কাগজপত্রই কি নিয়ে যেতে হবে?,namjari_hearing_documents
আমি নামজারি আবেদন কি নিজে করতে পারবো?,namjari_application_procedure
আমি কি নিজে নামজারি আবেদন করতে পারি?,namjari_application_procedure
নামজারি করতে ছবি আর ফটোকপি লাগে কিনা?,namjari_required_documents
শুনানীতে সব আবেদনকারীকে-ই যেতে হবে নাতো?,namjari_hearing_documents
নামজারির ফি কত?,namjari_fee
পোস্ট অফিস থেকে নামজারির শুনানীর নোটিশটা কিভাবে পাবো?,namjari_hearing_notification
"আমি বিদেশে থাকি, আমার আত্মীয় কি আমার নামজারি করতে পারবে?",namjari_by_representative
আমি বিদেশে থাকি নামজারির আবেদন প্রতিনিধি দিয়ে করা যাবে কিনা?,namjari_by_representative
আমি প্রতিনিধি দিয়ে নামজারি করালে কি তার নামে জমি হয়ে যাবে?,namjari_by_representative
মিউটেশন সেবা কিভাবে নিতে পারি?,namjari_process
আমি বিদেশে থাকি আমার ভাই বা আত্মীয় নামজারির আবেদন করতে পারবে কিনা?,namjari_by_representative
অনলাইনে নামজারি সেবা গ্রহণ করতে কি করতে হবে?,namjari_process
"আমি জমি কিনেছি, নামজারি করা লাগবে কি?",namjari_eligibility
নামজারির আবেদন কি পরিবারের কেউ করতে পারবে?,namjari_by_representative
নামের সংশোধনের জন্য কি আলাদা আবেদন লাগে?,namjari_khatian_correction
আমি বিদেশে থাকলে আমার ভাই বা আত্মীয় নামজারির আবেদন করতে পারে কিনা?,namjari_by_representative
নামজারি মামলা নামঞ্জুর হয়েছে এরপর কোন আদালতে যাবো?,namjari_rejected_appeal
নামজারি করার সঠিক সময় কখন?,namjari_eligibility
আমি নিজে কি নামজারি করা যাবে?,namjari_application_procedure
নিবন্ধন করতে কি মোবাইল লাগে?,namjari_registration
খতিয়ানে নাম ভুল আছে সংশোধন করতে কি কি কাগজ লাগে?,namjari_khatian_correction
খতিয়ানে জমির পরিমাণ ভুল আছে সংশোধন করতে কি কি কাগজ লাগে?,namjari_khatian_correction
খতিয়ানে ভুল কিভাবে সংশোধন করবো?,namjari_khatian_correction
এসি (ল্যান্ড) শুনানী না নিয়ে নামঞ্জুর করেছেন তাহলে এরপর কোন আদালতে যাবো?,namjari_rejected_appeal
আমি দেশের বাইরে থাকলে আমার আত্মীয় আবেদন করতে পারবে কি?,namjari_by_representative
শুনানীর জন্য সবগুলো কাগজপত্রই কি নিয়ে যেতে হবে?,namjari_hearing_documents
আমার নামজারি মঞ্জুর হলে খতিয়ান প্রিন্ট কপি কোথায় থেকে পাবো?,namjari_khatian_copy
নামজারি করতে দলিলের ফটোকপি আর দলিলের ফটোকপি লাগে কিনা?,namjari_required_documents
নামঞ্জুর হয়েছে আবার কি আবেদন করবো?,namjari_rejected_appeal
রেকর্ডহীন দলিলের ভিত্তিতে নামজারি সম্ভব কি?,namjari_required_documents
নামজারি মঞ্জুর হয়েছে খতিয়ান প্রিন্ট কপি কোথায় পাবো?,namjari_khatian_copy
নিবন্ধন করতে কি এনআইডি দরকার?,namjari_registration
আমাদের বাবা মারা গেছেন এখন আমাদের নামে নাম জারি করতে হবে কি?,namjari_inheritance_documents
"আমি বিদেশে থাকি, ভাই বা আত্মীয় কি নামজারির আবেদন করতে পারে?",namjari_by_representative
নামজারি মঞ্জুর হয়েছে অংশে ভুল হয়েছে কি করতে হবে,namjari_khatian_correction
আমি জমি কিনেছি নামজারি করতে হবে কি?,namjari_eligibility
শুনানীর সময় কি আবেদনকারীকে-ই যেতে হবে?,namjari_hearing_documents
"নামজারি আবেদন দাখিল হয়েছে, ইউনিয়ন ভূমি অফিসে যাবো কিনা?",namjari_hearing_notification
নামজারির আবেদন আমি নিজে না করলে প্রতিনিধি দিয়ে করা যাবে কিনা?,namjari_by_representative
খতিয়ানে নাম ভুল সংশোধন কিভাবে করবো?,namjari_khatian_correction
"আমি আবেদন করেছি কিন্তু ফোনে কোনো মেসেজ আসেনি, এখন কার হাতে আছে মামলাটা সেটা জানবো কিভাবে?",namjari_rejected_appeal
নামজারি করতে এনআইডির ফটোকপি আর ছবি লাগে কিনা?,namjari_required_documents
উত্তরাধিকার সূত্রে নামজারির জন্য কি করতে হবে?,namjari_inheritance_documents
"আমার পিতা মারা গেছেন আমি তো জমি খাই, নামজারি করা লাগবে কি?",namjari_eligibility
খতিয়ান অনলাইনে ডাউনলোড করা যাবে কি?,namjari_khatian_copy
শুনানির তারিখ কোথায় বা কিভাবে জানবো?,namjari_hearing_notification
শুনানীর জন্য প্রয়োজনীয় কাগজপত্র কি নিয়ে যেতে হবে?,namjari_hearing_documents
শুনানীতে কিকি ডকুমেন্ট নিয়ে যেতে হবে?,namjari_hearing_documents
শুনানিতে গেলে কি সব কাগজপত্র নিয়ে যেতে হয়?,namjari_hearing_documents
একাধিক নামজারির জন্য কি বেশি সরকারি ফি লাগে?,namjari_fee
আমি কি নামজারি করতে ভূমি অফিসে যাওয়া লাগবে?,namjari_application_procedure
খতিয়ান জমির পরিমাণ ভুল লেখা সংশোধন করতে কি করতে হবে?,namjari_khatian_correction
শ্রেণি সংশোধনের জন্য আবেদন কিভাবে করবো?,namjari_khatian_correction
নামজারি আবেদন করতে অন্যের সাহায্য লাগবে কি?,namjari_application_procedure
নামজারি করতে হলে কি হালটক দেখাতে হবে?,namjari_required_documents
খারিজ সেবা নিতে হলে কি করতে হবে?,namjari_process
শুনানীর জন্য দরকারি কাগজপত্র কি নিয়ে যেতে হবে?,namjari_hearing_documents
নামজারির সময় জমা দেয়া কাগজ আবার নিয়ে যেতে হবে?,namjari_hearing_documents
নামজারি আবেদন আমি নিজে না করলে প্রতিনিধি দিয়ে করা যায় কিনা?,namjari_by_representative
"ওয়ারিশমতে নামজারি, খারিজ, মিউটেশন করতে কি কি করতে হবে:",namjari_inheritance_documents
"খতিয়ানে ভুল হয়েছে, এখন কী করবো?",namjari_khatian_correction
খতিয়ান নাম ভুল সংশোধন করতে কত টাকা লাগে?,namjari_khatian_correction
দলিলের কপি দিয়েই কি নামজারি করা যায়?,namjari_required_documents
"আমি নামজারি করতে আগ্রহী, এই ব্যাপারে আপনার সাহায্য পাওয়া যাবে?",namjari_process
"আমি জমি কিনেছি, আমার নামজারি করা হবে কি?",namjari_eligibility
নামজারির ক্ষেত্রে কত টাকা দিতে হয় সরকারকে?,namjari_fee
আমার নামজারি মামলার অবস্থা জানার উপায় কি?,namjari_status_check
"আমি জমি কিনেছি, নামজারি করা হবে কি?",namjari_eligibility
"জমির পরিমাণে ভুল হয়েছে, এখন কী করবো?",namjari_khatian_correction
আমি বিদেশে থাকি নামজারি আবেদন প্রতিনিধি দিয়ে করা যায় কি?,namjari_by_representative
"আবেদন করেছি, মেসেজ আসেনি নামজারি মামলা কার কাছে আছে?",namjari_status_check
"আমার বাবা মারা গেছেন, এখন ওয়ারিশের নামে নামজারি করতে হবে কি?",namjari_inheritance_documents
শুনানীর জন্য কি কি সব মূল কাগজপত্র নিয়ে যাবো?,namjari_hearing_documents
ওয়ারিশ মতে অন লাইনে নামজারি করা যায় কিনা?,namjari_inheritance_documents
নামজারি মামলা নামঞ্জুর হয়েছে এক্ষেত্রে কি করবো?,namjari_rejected_appeal
নামজারি মামলা নামঞ্জুর হয়েছে আবার কি আবেদন করবো?,namjari_rejected_appeal
নামজারির জন্য নিবন্ধন করতে কি এনআইডি দরকার?,namjari_registration
আমি হচ্ছে একটা জমি কিনেছি আরকি এখন খারিজ করতে হবে নাকি না করলেও চলবে?,namjari_eligibility
আপোষ বণ্টননামা ছাড়া ওয়ারিশমতে নামজারি সম্ভব?,namjari_inheritance_documents
অংশ সংশোধনের জন্য কোথায় যেতে হবে?,namjari_khatian_correction
আমি নামজারি করবো কি করতে হবে?,namjari_application_procedure
নামজারি মঞ্জুর হলে খতিয়ানের প্রিন্ট কপি নিজে কি নিতে পারবো?,namjari_khatian_copy
ওয়ারিশের মধ্যে বন্টনের প্রমাণ কি লাগবে নামজারির সময়?,namjari_inheritance_documents
শুনানীর জন্য কি কি কাগজপত্রই নিয়ে যাবো?,namjari_hearing_documents
আমার নামজারি মঞ্জুর হলে খতিয়ান প্রিন্ট কপি আমি কি নিতে পারবো?,namjari_khatian_copy
খতিয়ান ভুল সংশোধন করতে কত টাকা লাগে?,namjari_khatian_correction
নিবন্ধন করতে কি জন্মনিবন্ধন দরকার?,namjari_registration
অফিসে না গিয়ে কি নামজারি করা সম্ভব যদি নিজে করতে চাই আরকি?,namjari_application_procedure
আমার নামজারি মঞ্জুর হলে খতিয়ান কপি কিভাবে পেতে পারি?,namjari_khatian_copy
নামজারির জন্য নিবন্ধন করতে দলিল লাগে কি?,namjari_registration
"আমার পিতা মারা গেছেন আমি তো জমি খাই, নামজারি করা হবে?",namjari_eligibility
নামজারির নোটিশের ব্যাপারে মোবাইল করে খোজ নেব কিনা?,namjari_hearing_notification
নিবন্ধন করতে কি দরকার?,namjari_registration
নামজারি করতে কি করতে হবে?,namjari_process
নিবন্ধন করতে কি মোবাইল দরকার?,namjari_registration
অনলাইনে নামজারি সেবা নিতে কি করতে হবে?,namjari_process
"অনলাইনে মিউটেশন করতে চাই, কি করতে হবে?",namjari_process
"আমি বিদেশে থাকি, আমার ভাই বা আত্মীয় নামজারির আবেদন করতে পারে কিনা?",namjari_by_representative
নামজারি করাতে কি কাউকে প্রতিনিধি বানানো যায়?,namjari_by_representative
ওয়ারিশ মতে অন লাইনে নামজারি করা যায় কিনা?,namjari_inheritance_documents
নিবন্ধন করতে নিজের এনআইডি লাগে কি?,namjari_registration
নামজারি আবেদনের জন্য কি বেশি ফি লাগে?,namjari_fee
"আমাদের বাবা মারা গেছেন, এখন সব ওয়ারিশের নামে নামজারি করতে হবে কি?",namjari_inheritance_documents
"অনলাইনে কাগজ জমা দিয়েছি, তবুও কপি নিয়ে যেতে হবে কেন?",namjari_hearing_documents
শুনানীর নোটিশের জন্য পেস্ট অফিসে খোঁজ নিতে হবে কি?,namjari_hearing_notification
খতিয়ান জমির পরিমাণ ভুল লেখা সংশোধন করতে কি কি কাগজ লাগে?,namjari_khatian_correction
"মিউটেশন করতে চাইলে, কি করতে হবে?",namjari_process
নামজারির জন্য নিবন্ধন করতে নিজের এনআইডি বা জন্মনিবন্ধন থাকতে হবে?,namjari_registration
নামজারির আবেদনের জন্য কি বেশি ফি লাগে?,namjari_fee
নামজারি পেতে হলে কিভাবে আবেদন করবো?,namjari_application_procedure
আমার নামজারি মঞ্জুর হয়েছে খতিয়ানের প্রিন্ট কপি কিভাবে নিতে পারি?,namjari_khatian_copy
নামজারির আবেদন করার পর শুনানীর তারিখ ও সময় কিভাবে জানবো?,namjari_hearing_notification
"আবেদন করেছি, নোটিশ পাইনি, নামজারি মামলার কি হলো ?",namjari_status_check
খারিজের শুনানির দিন কি সব ডকুমেন্টস নিতে হবে?,namjari_hearing_documents
"নামজারির পরে খতিয়ানে আমার নাম ভুল লেখা হয়েছে, এখন কী করবো?",namjari_khatian_correction
আমাদের বাবা মারা গেছেন এখন ওয়ারিশের নামে নাম জারি করতে হবে কি?,namjari_inheritance_documents
নিবন্ধন করতে এনআইডি লাগে কি?,namjari_registration
নিবন্ধন করতে জন্মনিবন্ধন দরকার কি?,namjari_registration
প্রতিনিধি দিয়ে নামজারি করালে কি তার নামেই জমি হয়ে যাবে?,namjari_by_representative
নিবন্ধন করতে কি এনআইডি লাগে?,namjari_registration
প্রতিনিধি দিয়ে নামজারি করালে কি তার নামে জমি হয়ে যাবে?,namjari_by_representative
খারিজ সেবা কিভাবে গ্রহণ করতে পারি?,namjari_process
নামজারি আবেদন কি নিজে করতে পারি।,namjari_application_procedure
"আমি থাকিনা, আমার ভাই বা আত্মীয় কি নামজারি আবেদন করতে পারবে?",namjari_by_representative
অনলাইনে খারিজ সেবা গ্রহণ করতে কি করতে হবে?,namjari_process
নামজারি আবেদনের জন্য কত টাকা লাগে?,namjari_fee
নামজারি আবেদন করেছি অনেকদিন হলো কি অবস্থায় আছে জানবো কিভাবে?,namjari_status_check
নামজারি মামলার অবস্থা জানার সহজ উপায় কি?,namjari_status_check
শুনানীর নোটিশ নিয়ে মোবাইল করে খোঁজ নেব কিনা?,namjari_hearing_notification
"আমি থাকিনা, আমার আত্মীয় কি আমার নামজারি করতে পারবে?",namjari_by_representative
বন্টননামা নাই হলে নাম জারি করা যাবে কি?,namjari_inheritance_documents
"আমি নামজারি করেছি, কিন্তু এখনও কোনো নোটিশ পাইনি, মামলাটা কি রিজেক্ট হয়ে গেলো নাকি এখনও চলছে?",namjari_rejected_appeal
নামজারি করতে ছবির ফটোকপি আর এনআইডি লাগে কিনা?,namjari_required_documents
শুনানীর নোটিশের জন্য আগে পোস্ট অফিসে খোঁজ নিতে হবে কি?,namjari_hearing_notification
আবেদন করার পর শুনানীর তথ্য কিভাবে পাওয়া যাবে?,namjari_hearing_notification
"আমাদের বাবা মারা গেছেন, এখন ওয়ারিশদের নামে নাম জারি করতে হবে কি?",namjari_inheritance_documents
ওয়ারিশমতে নামজারি করতে আপোষ বন্টননামা লাগে কি?,namjari_inheritance_documents
নামজারির শুনানীর নোটিশ কিভাবে পাবো?,namjari_hearing_notification
"আমি থাকিনা, আমার ভাই বা আত্মীয় কি আমার নামজারি করতে পারবে?",namjari_by_representative
আমার নামজারি মঞ্জুর হয়েছে খতিয়ান কপি নিজে কিভাবে পেতে পারি?,namjari_khatian_copy
আমি নামজারি করবো কি ভূমি অফিসে যাওয়া লাগবে?,namjari_application_procedure
নামজারি মামলার অবস্থা বর্তমানে জানার উপায় কি?,namjari_status_check
"অনলাইনে নামজারি করেছিলাম কিছুদিন আগে, এখন এর স্ট্যাটাস কিভাবে দেখবো?",namjari_rejected_appeal
নামজারির আবেদন করার পর শুনানীর সময় ও দিন কিভাবে জানবো?,namjari_hearing_notification
শুনানীর জন্য সব দরকারি কাগজপত্র কি নিয়ে যেতে হবে?,namjari_hearing_documents
আমি জমি কিনেছি আমার নামজারি করা লাগবে কি?,namjari_eligibility
"খারিজ সেবা নিতে চাই, কি করতে হবে?",namjari_process
খতিয়ানে নাম ভুল কিভাবে সংশোধন করবো?,namjari_khatian_correction
"আমি খেয়াল করলাম খতিয়ানে অংশ ঠিক নাই, এটা কিভাবে ঠিক করাবো?",namjari_khatian_correction
নামজারির আবেদন করতে কত ফি লাগে?,namjari_fee
"খারিজ হয়ে গেছে, এখন খতিয়ান নিজে থেকে উঠাতে পারবো?",namjari_khatian_correction
খতিয়ানে নাম ভুল আছে কিভাবে সংশোধন করবো?,namjari_khatian_correction
নামজারির জন্য কত খরচ হবে?,namjari_fee
নামজারি আবেদনের জন্য সরকারি ফি কত?,namjari_fee
আমি দলিল করে জমি পাইছি নামজারি করা যাবে?,namjari_eligibility
রেকর্ডে মালিক না হলে নামজারি হবে কি?,namjari_required_documents
শুনানীর নোটিশ সম্পর্কে পোস্ট অফিসে খোজ নিতে হবে কি?,namjari_hearing_notification
আমি কি নামজারি আবেদন নিজে করতে পারি?,namjari_application_procedure
নামজারি করতে দলিল আর ফটোকপি লাগে কিনা?,namjari_required_documents
"আবেদন করেছি, মেসেজ আসেনি মিউটেশন মামলা কার কাছে আছে?",namjari_status_check
নামজারি মামলার স্ট্যাটাস কিভাবে জানতে পারবো?,namjari_status_check
নামজারি মামলা নামঞ্জুর হলে আবার কি আবেদন করবো?,namjari_rejected_appeal
"আমার পিতা মারা গেছেন আমি জমি খাই, নামজারি করা হবে?",namjari_eligibility
খতিয়ান সংশোধন করতে কত টাকা লাগে?,namjari_khatian_correction
নামজারি করতে ফটোকপি আর ছবি লাগে কিনা?,namjari_required_documents
নামজারি আবেদনের সরকারি ফি কত?,namjari_fee
শুনানী কবে হবে সেটা কিভাবে জানবো?,namjari_hearing_notification
নামজারির জন্য নিবন্ধন করতে নিজের জন্মনিবন্ধন থাকতে হবে?,namjari_registration
নামজারি কি জমি কেনার পরই করতে হয়?,namjari_eligibility
একাধিক নামজারি আবেদনের জন্য কি বেশি টাকা লাগে?,namjari_fee
নামজারি করতে ছবি আর এনআইডি লাগে কিনা?,namjari_required_documents
আমি জমি কিনেছি আমার নামজারি করতে হবে কি?,namjari_eligibility
মিউটেশন আবেদন করেছি অনেকদিন কি আবস্থায় আছে জানবো কিভাবে?,namjari_status_check
ওয়ারিশ মতে নাম জারি করতে কিকি কাগজ লাগে?,namjari_inheritance_documents
শুনানির চিঠি ডাকপিয়নের মাধ্যমে আসে নাকি?,namjari_hearing_notification
নামজারির জন্য নিবন্ধন করতে কি কি লাগে?,namjari_registration
আবেদন নামঞ্জুর হলে আবার কি আবেদন করবো?,namjari_rejected_appeal
এসি (ল্যান্ড) শুনানী না নিয়ে নামঞ্জুর করেছেন এক্ষেত্রে আবার কি আবেদন করবো?,namjari_rejected_appeal
নামজারি মঞ্জুর হলে খতিয়ান কি আমি উঠাতে পারবো?,namjari_khatian_copy
শুনানীর নোটিশের জন্য মোবাইল করে খোজ নেব কিনা?,namjari_hearing_notification
নামজারি মামলা এখনো কি অবস্থায় আছে কিভাবে জানবো?,namjari_status_check
শুনানীর নোটিশ কিভাবে পাবো পোস্ট অফিস থেকে?,namjari_hearing_notification
বন্ধু বা আত্মীয় কাগজ নিয়ে গেলে শুনানি হবে?,namjari_hearing_documents
জমির পরিমাণ কম লেখা হয়েছে খতিয়ানে — এটা ঠিক করতে কি করতে হবে?,namjari_khatian_correction
শুনানীতে কি সব কাগজপত্র সঙ্গে আনতে হবে?,namjari_hearing_documents
নামজারির জন্য রেজিস্ট্রেশন করতে চাচ্ছিলাম তো এখন কি কি ডকুমেন্টস লাগবে?,namjari_registration
পোস্ট অফিসে শুনানীর নোটিশের জন্য মোবাইল করে খোজ নেব কিনা?,namjari_hearing_notification
"দীর্ঘদিন হয়ে গেছে, আবেদন এখন কোন স্তরে আছে জানবো কীভাবে?",namjari_status_check
এসি (ল্যান্ড) শুনানী না নিয়ে নামঞ্জুর করেছেন এখন কি করবো?,namjari_rejected_appeal
"আমি দলিল করে জমি পাইছি, নামজারি করা লাগবে কি?",namjari_eligibility
"কাগজপত্র তো আপলোড করা, আবার নিয়ে যেতে হয় কেন?",namjari_hearing_documents
আমি নিজে নামজারি করবো কি ভূমি অফিসে যাওয়া লাগবে?,namjari_application_procedure
আমি দলিল করে জমি পাইছি নামজারি করতে হবে কি?,namjari_eligibility
"আমি থাকিনা, আমার ভাই বা আত্মীয় কি আমার নামজারি করতে পারে?",namjari_by_representative
নামজারি করতে দলিলের ফটোকপি ছাড়া আর কি লাগে?,namjari_required_documents
নামজারি করার জন্য ভূমি অফিসে যাওয়া প্রয়োজন কি?,namjari_application_procedure
"আমাদের বাবা মারা গেছেন, এখন সব ওয়ারিশের নামে নাম জারি করতে হবে কি?",namjari_inheritance_documents
মামলা নামঞ্জুর হয়েছে কোন আদালতে যাবো?,namjari_rejected_appeal
নামজারি করতে কত ফি লাগে?,namjari_fee
বন্টননামা নাই হলে নামজারি করা যাবে কি?,namjari_inheritance_documents
নামজারি মঞ্জুর হলে খতিয়ান প্রিন্ট কপি কিভাবে নিতে পারি?,namjari_khatian_copy
পরিমাপ ভুল হলে সংশোধনের প্রক্রিয়া কী?,namjari_khatian_correction
নামজারির জন্য সরকারি ফি কত টাকা? মিউটেশন,namjari_fee
নামজারি করতে এনআইডির ফটোকপি আর ফটোকপি লাগে কিনা?,namjari_required_documents
নামজারি আবেদন নিজে না করলে প্রতিনিধি দিয়ে করা যায় কিনা?,namjari_by_representative
"আমার বাবা মারা গেছেন, এখন আমাদের নামে নামজারি, খারিজ, মিউটেশন করতে হবে কি?",namjari_inheritance_documents
খতিয়ানে ভুল সংশোধন করতে কত টাকা লাগে?,namjari_khatian_correction
পোস্ট অফিস থেকে নামজারির শুনানীর নোটিশ কিভাবে পাবো?,namjari_hearing_notification
শুনানী না করেই নামঞ্জুর করে দিয়েছে — এটা কি নিয়ম মাফিক হয়েছে?,namjari_rejected_appeal
নামজারি মঞ্জুর হয়েছে পরিমানে ভুল হয়েছে কি করতে হবে?,namjari_khatian_correction
শুনানির জন্য আলাদা কিছু কাগজ নিতে হয় নাকি সব?,namjari_hearing_documents
শুনানীর নোটিশ সম্পর্কে মোবাইল করে খোঁজ নেব কিনা?,namjari_hearing_notification
ওয়ারিশ মতে অনলাইনে নামজারি করা যায় কি না?,namjari_inheritance_documents
আমি কি নিজে নামজারি করতে পারি?,namjari_application_procedure
মিউটেশন সেবা গ্রহণ করতে কি করতে হবে?,namjari_process
নামজারির জন্য নিবন্ধন করতে কি দলিল লাগে?,namjari_registration
এসি (ল্যান্ড) শুনানী না নিয়ে নামঞ্জুর করেছেন কোন আদালতে যাবো এখন?,namjari_rejected_appeal
নামজারি সেবা কিভাবে নিতে পারি?,namjari_process
নামজারি আবেদন নিজে করতে না পারলে প্রতিনিধি দিয়ে করা যায় কিনা?,namjari_by_representative
আমি নামজারি কি নিজে করতে পারবো?,namjari_application_procedure
খতিয়ান সংশোধন করতে কি কি কাগজ লাগে?,namjari_khatian_correction
শুনানির নোটিশ হাতে না পেলে পোস্ট অফিসে খোঁজ নিবো?,namjari_hearing_notification
খতিয়ান নাম ভুল লেখা সংশোধন করতে কি কি কাগজ লাগে?,namjari_khatian_correction
আমার আব্বা মারা গেছেন এখন জমির মালিক আমি তো খারিজ করতে হবে কি?,namjari_eligibility
শুনানীর সময় কি আবেদনকারীদেরকে যেতে হবে?,namjari_hearing_documents
ভূমি উন্নয়ন কর হালতক দেয়া নাই নামজারি করা যাবে কি?,namjari_required_documents
যেকোনো ভুল হলে কি আপত্তি আবেদন করতে হয়?,namjari_khatian_correction
শুনানীর দিন কি সব প্রয়োজনীয় দলিল দেখাতে হয়?,namjari_hearing_documents
"বন্টননামা নাই নামজারি, খারিজ, মিউটেশন করা যাবে কি?",namjari_inheritance_documents
শুনানীর জন্য প্রয়োজনীয় কাগজপত্রগুলো কি নিয়ে যেতে হবে?,namjari_hearing_documents
যিনি দলিল করেছেন তিনি কি মালিক হতে হবে নামজারির জন্য?,namjari_required_documents
নামজারি মঞ্জুর হয়েছে নামে ভুল হয়েছে কি করতে হবে?,namjari_khatian_correction
নামজারির আবেদন করতে কি কি তথ্য লাগে?,namjari_registration
নামজারি করতে এনআইডির ফটোকপি আর এনআইডি লাগে কিনা?,namjari_required_documents
উত্তরাধিকার সূত্রে নামজারি করতে হলে কি কাগজ দরকার?,namjari_inheritance_documents
শুনানীর জন্য কি কি মূল কাগজপত্র নিয়ে যাবো?,namjari_hearing_documents
নামজারি আবেদন আমি নিজে না করতে পারলে প্রতিনিধি দিয়ে করা যাবে কিনা?,namjari_by_representative
নামজারি কখন করতে হবে?,namjari_eligibility
শুনানীর সময় কি আবদেনকারীকেই যেতে হবে?,namjari_hearing_documents
নামজারি আবেদন নিজে না করলে প্রতিনিধি দিয়ে করা যাবে কিনা?,namjari_by_representative
নামজারি করতে দলিল আর দলিল লাগে কিনা?,namjari_required_documents
নামজারি করতে সরকারি খরচ কত?,namjari_fee
নামজারির আবেদনের সরকারি ফি কত?,namjari_fee
"খারিজ করতে চাই, কি করতে হবে?",namjari_process
নিবন্ধন করতে কি নিজের মোবাইল লাগে?,namjari_registration
আমি শুনানীর সুযোগ পাইনি — কীভাবে ন্যায়বিচার পাবো?,namjari_rejected_appeal
নামজারির জন্য নিবন্ধন করতে এনআইডি বা জন্মনিবন্ধন লাগে কি?,namjari_registration
এসি (ল্যান্ড) শুনানী না নিয়ে নামঞ্জুর করেছেন তখন কোন আদালতে যাবো?,namjari_rejected_appeal
ওয়ারিশ হিসেবে নামজারি করতে হলে কী কী ধাপ অনুসরণ করতে হবে?,namjari_inheritance_documents
নামজারির সময় কি ছবি ও পরিচয়পত্র লাগে?,namjari_required_documents
খতিয়ানে ভুল আছে সংশোধন কিভাবে করবো?,namjari_khatian_correction
"আমি তো এলাকায় থাকিনা এখন অন্য কেউ আমার হয়ে আমার নামজারি আবেদন করবে এখন তার জন্য কি কি কাগজপত্র, ডকুমেন্টস, নথি লাগবে",namjari_by_representative
শুনানীর জন্য সবগুলো কাগজপত্র কি নিয়ে যেতে হবে?,namjari_hearing_documents
নামজারি আবেদন করেছি বহুদিন কি অবস্থায় আছে জানবো কিভাবে?,namjari_status_check
নামজারি কবে করতে হয়?,namjari_eligibility
"আসল খরচ কত, কেউ বেশী চাইলে কোথায় অভিযোগ করবো?",namjari_fee
"আমার কাছে নামজারিের মূল দলিল নাই, ফটোকপি আছে,দলিল না নিয়ে শুধু কপি দিলে কি হবে?",namjari_required_documents
"আমি থাকিনা, আমার আত্মীয় কি নামজারির আবেদন করতে পারবে?",namjari_by_representative
আমার নামজারি মঞ্জুর হলে খতিয়ান প্রিন্ট কপি কিভাবে নিতে পারি?,namjari_khatian_copy
নামজারি করতে ছবি আর দলিলের ফটোকপি লাগে কিনা?,namjari_required_documents
নামজারি নামঞ্জুর হয়েছে আবার কি আবেদন করবো?,namjari_rejected_appeal
নামজারি সেবা কিভাবে গ্রহণ করতে পারি?,namjari_process
"আমি একটা জমি কিনেছি এখন নামজারি করতে চাই, দলিল বাদেও নামজারির জন্য কি দরকার?",namjari_required_documents
নামজারি মামলা এতদিন পর কি অবস্থায় আছে কিভাবে জানবো?,namjari_status_check
প্রতিনিধি গেলে কি শুনানীতে সমস্যা হবে?,namjari_hearing_documents
আমি নামজারি করতে কি ভূমি অফিসে যাওয়া লাগবে?,namjari_application_procedure
শুনানীর নোটিশের জন্য পোস্ট অফিসে খোজ নিতে হবে কি?,namjari_hearing_notification
নামঞ্জুর হয়েছে তাহলে কি করবো?,namjari_rejected_appeal
অনলাইনে নামজারি করেছি আমার খতিয়ানের কপি কোথায় পাবো?,namjari_khatian_copy
জমি কেনার পর নামজারি করতে হবে কি?,namjari_eligibility
আবেদন নামঞ্জুর হয়েছে তাহলে কি করবো?,namjari_rejected_appeal
নামজারি মামলা বর্তমানে কি অবস্থায় আছে কিভাবে জানবো?,namjari_status_check
শুনানীর জন্য কি কি প্রয়োজনীয় কাগজপত্র নিয়ে যাবো?,namjari_hearing_documents
নামজারি করার জন্য কি অন্যের সহায়তা নিতে হবে?,namjari_application_procedure
নামজারি করতে কি কি দলিল লাগে?,namjari_required_documents
প্রতিনিধি দিয়ে নামজারি করালে তার নামে জমি হয়ে যাবে কি?,namjari_by_representative
নামজারি করতে এনআইডি আর ফটোকপি লাগে কিনা?,namjari_required_documents
নামজারি করতে এনআইডির ফটোকপি আর দলিল লাগে কিনা?,namjari_required_documents
নামজারি মামলা নামঞ্জুর হলে কোন আদালতে যাবো?,namjari_rejected_appeal
শুনানীতে আবেদনকারীকেই যেতে হবে নাতো?,namjari_hearing_documents
নামজারির সরকারি খরচ কত?,namjari_fee
আমার বাবা মারা গেছেন এখন সব ওয়ারিশের নামে নাম জারি করতে হবে কি?,namjari_inheritance_documents
আমি কি নিজে নামজারি আবেদন করতে পারব?,namjari_application_procedure
"আমি শুনেছি ইউনিয়ন ভূমি অফিসে যেতে হয়, আমার নামজারির আবেদন হয়ে গেছে, এখন যাবো?",namjari_hearing_notification
ওয়ারিশ সূত্রে নামজারির জন্য কোন কোন দলিল লাগবে?,namjari_inheritance_documents
আমি জমি কিনেছি নামজারি করা লাগবে কি?,namjari_eligibility
নামজারির শুনানীর সময় কি দলিলসহ যেতে হবে?,namjari_hearing_documents
নামজারি সেবা পেতে কি করতে হবে?,namjari_process
নামজারি আবেদন করেছি অনেকদিন এখনো কি অবস্থায় আছে জানবো কিভাবে?,namjari_status_check
"আমি জমি কিনেছি, এখন কি করবো নামজারি করার জন্য?",namjari_eligibility
নিজে গিয়ে খতিয়ান প্রিন্ট করানো যাবে কি?,namjari_khatian_copy
ওয়ারিশ মতে নামজারি করতে কি কি কাগজ লাগে?,namjari_inheritance_documents
"আমি একটা জমি কিনেছি এখন নামজারি করতে চাই, এনআইডি ছাড়া কি নামজারি সম্ভব?",namjari_required_documents
নামজারি মঞ্জুর হয়েছে খতিয়ানের প্রিন্ট কপি কোথায় পাবো?,namjari_khatian_copy
শুনানীতে সমস্ত আবেদনকারীকে যেতে হবে নাতো?,namjari_hearing_documents
"মামলার মেসেজ আসেনি, এখন বুঝবো কিভাবে কে দেখছে?",namjari_rejected_appeal
খতিয়ান নিজে তোলার নিয়ম কী?,namjari_khatian_copy
একাধিক আবেদনের জন্য কি বেশি টাকা লাগে?,namjari_fee
নামজারি মঞ্জুর হলে খতিয়ান প্রিন্ট কপি আমি কি নিতে পারবো?,namjari_khatian_copy
শুনানীর জন্য কি কি সবগুলো কাগজপত্র নিয়ে যাবো?,namjari_hearing_documents
নামজারির স্ট্যাটাস কোথায় চেক করা যাবে?,namjari_rejected_appeal
আমার নামজারি মঞ্জুর হলে খতিয়ানের প্রিন্ট কপি নিজে কি নিতে পারবো?,namjari_khatian_copy
শুনানীর জন্য সব কাগজপত্র কি নিয়ে যেতে হবে?,namjari_hearing_documents
অন্য কাউকে দিয়ে খারিজ নামজারি করতে হলে কি করতে হবে,namjari_by_representative
নামজারি করতে গেলে কি কি দলিলপত্র লাগবে?,namjari_required_documents
মামলা নামঞ্জুর হয়েছে এখন কি করবো?,namjari_rejected_appeal
প্রতিনিধি দিয়ে নামজারি করালে তার নামে জমি হয়ে যাবে কিনা?,namjari_by_representative
অনলাইনে খারিজ সেবা নিতে কি করতে হবে?,namjari_process
ছবির ফটোকপি দিয়ে নামজারি হবে কিনা?,namjari_required_documents
নামজারি মামলা এখনকার কি অবস্থায় আছে কিভাবে জানবো?,namjari_status_check
"আমি থাকিনা, আমার ভাই কি আমার নামজারি করতে পারবে?",namjari_by_representative
নামজারি আবেদন করেছি অনেকদিন এই মুহূর্তে কি অবস্থায় আছে জানবো কিভাবে?,namjari_status_check
আমি জমি কিনেছি আমার কি নামজারি করা হবে?,namjari_eligibility
আমি কি নিজে নামজারি করতে পারবো?,namjari_application_procedure
নামজারি নিবন্ধন করতে নিজের মোবাইল থাকতে হবে?,namjari_registration
খতিয়ানে জমির পরিমাণ ভুল লেখা সংশোধন কিভাবে করবো?,namjari_khatian_correction
পোস্ট অফিসে গিয়েই কি শুনানির নোটিশ নিতে হয়?,namjari_hearing_notification
খতিয়ানে জমির পরিমাণ ভুল সংশোধন করতে কত টাকা লাগে?,namjari_khatian_correction
আমার নামজারি মামলা এখন কি অবস্থায় আছে কিভাবে জানবো?,namjari_status_check
নামজারি করতে কারো সাহায্য লাগবে কি?,namjari_application_procedure
একাধিক নামজারির আবেদনের জন্য কি বেশি ফি লাগে?,namjari_fee
পিতা মারা গেলে ওয়ারিশদের নামে কি নামজারি করতে হয়?,namjari_inheritance_documents
খারিজ সেবা নিতে কি করতে হবে?,namjari_process
এসি (ল্যান্ড) শুনানী না নিয়ে নামঞ্জুর করেছেন এরপর আবার কি আবেদন করবো?,namjari_rejected_appeal
আমার পিতা মারা গেছেন আমি জমি খাই নামজারি করা হবে কি?,namjari_eligibility
নিবন্ধনের সময় মোবাইল নম্বর থাকতেই হবে কি?,namjari_registration
নামজারি করতে দলিল আর ফটোকপির ফটোকপি লাগে কিনা?,namjari_required_documents
নামঞ্জুর হলে কোন আদালতে যাবো?,namjari_rejected_appeal
অনলাইনে নামজারি সেবা পেতে কি করতে হবে?,namjari_process
আমার বাবা মারা গেছেন এখন আমার নামে নাম জারি করতে হবে কি?,namjari_inheritance_documents
"ফ্ল্যাট রেজিস্ট্রি হয়ে গেছে, এখন কি নামজারি করবো?",namjari_eligibility
আমি কি নামজারি করতে ভূমি অফিসে যাওয়া লাগে?,namjari_application_procedure
নিবন্ধন করতে কি লাগে?,namjari_registration
নামজারি মামলার অবস্থা এই মুহূর্তে জানার উপায় কি?,namjari_status_check
নামজারি মামলা নামঞ্জুর হয়েছে তাহলে কোন আদালতে যাবো?,namjari_rejected_appeal
নামজারি করতে ভূমি অফিসে যাওয়া আবশ্যক কি?,namjari_application_procedure
ফ্ল্যাটের জমির নামজারি করার দরকার আছে?,namjari_eligibility
"মামলা নামঞ্জুর হয়েছে, এখন আমি কীভাবে আপিল করবো?",namjari_rejected_appeal
নিবন্ধন করতে কি দলিল লাগে?,namjari_registration
শুনানীর নোটিশের জন্য পোস্ট অফিসে খোঁজ নিতে হবে কি না?,namjari_hearing_notification
নামজারি মঞ্জুর হলে খতিয়ান কপি আমি কিভাবে নিতে পারি?,namjari_khatian_copy
বারবার নামজারি বাতিল হলে কোথায় অভিযোগ করা যাবে?,namjari_rejected_appeal
খতিয়ানে জমির পরিমাণ ভুল সংশোধন করতে কি কি কাগজ লাগে?,namjari_khatian_correction
শুনানীর নোটিশ পোস্ট অফিস থেকে কিভাবে পাবো?,namjari_hearing_notification
নামজারি আবেদনের জন্য কি বেশি খরচ হবে?,namjari_fee
আমি হচ্ছে দেশে থাকিনা এখন জমি খারিজ করতে হবে অন্য কেউ কি আমার খারিজের আবেদন করতে পারবে?,namjari_by_representative
শুনানীর জন্য আসল কাগজপত্র কি নিয়ে যেতে হবে?,namjari_hearing_documents
শুনানীর সময় কি সমস্ত আবেদনকারীকে যেতে হবে?,namjari_hearing_documents
আমি কি কারো সাহায্যে নামজারি করতে পারি?,namjari_application_procedure
"আমাদের বাবা মারা গেছেন, এখন আমার নামে নাম জারি করতে হবে কি?",namjari_inheritance_documents
শুনানীতে আবেদনকারীদেরকে-ই যেতে হবে নাতো?,namjari_hearing_documents
"কাগজ দেখাতে হবে কেন, সব তো ইতিমধ্যেই জমা আছে?",namjari_hearing_documents
নামজারি মামলার স্ট্যাটাস কোথায় থেকে কিভাবে জানতে পারবো?,namjari_status_check
আবেদন নামঞ্জুর হয়েছে কোন আদালতে যাবো?,namjari_rejected_appeal
নামজারি আবেদনের জন্য কি বেশি টাকা লাগে?,namjari_fee
"অনলাইনে তো জমা দিয়েছি, অফিসে গিয়ে আবার দেখাতে হবে নাকি?",namjari_hearing_documents
নামজারির জন্য কত ফি হবে?,namjari_fee
খতিয়ান নাম ভুল লেখা সংশোধন কিভাবে করবো?,namjari_khatian_correction
অনলাইনে নামজারি সেবা নিতে হলে কি করতে হবে?,namjari_process
সরকার নির্ধারিত নামজারি খরচ কত?,namjari_fee
শুনানীর জন্য কি কি প্রয়োজনীয় কাগজপত্রই নিয়ে যাবো?,namjari_hearing_documents
পোস্ট অফিস থেকে শুনানীর নোটিশের জন্য মোবাইল করে খোজ নেব কিনা?,namjari_hearing_notification
কেন নামঞ্জুর হলো বুঝতে পারছি না — সমাধান কী?,namjari_rejected_appeal
আমি নিজে কি নামজারি করতে পারবো?,namjari_application_procedure
নামজারির জন্য নিবন্ধন করতে কি এনআইডি লাগে?,namjari_registration
নামজারি আবেদন করেছি অনেকদিন ধরে কি অবস্থায় আছে জানবো কিভাবে?,namjari_status_check
অনলাইনে খারিজ সেবা পেতে কি করতে হবে?,namjari_process
নামজারির আবেদন করতে কত ফি হবে?,namjari_fee
শুনানীর নোটিশ কি হাতে হাতে আসে?,namjari_hearing_notification
"আমার বাবা মারা গেছেন, এখন সব ওয়ারিশদের নামে নামজারি করতে হবে কি?",namjari_inheritance_documents
মিউটেশন করতে হলে কি করতে হবে?,namjari_process
শুনানীর জন্য সব মূল কাগজপত্র কি নিয়ে যেতে হবে?,namjari_hearing_documents
নামজারি মামলা নামঞ্জুর হয়েছে কোন আদালতে যাবো?,namjari_rejected_appeal
ভূমি অফিসে কি ফোন করে শুনানীর দিন জানানো হয়?,namjari_hearing_notification
আমি নিজে নামজারি করতে কি ভূমি অফিসে যাওয়া লাগে?,namjari_application_procedure
খতিয়ান নাম ভুল লেখা সংশোধন করতে কি করতে হবে?,namjari_khatian_correction
এসি (ল্যান্ড) শুনানী না নিয়ে নামঞ্জুর করেছেন কোন আদালতে যাবো?,namjari_rejected_appeal
নামজারি করতে ফটোকপির ফটোকপি আর দলিল লাগে কিনা?,namjari_required_documents
পোস্ট অফিসে শুনানীর নোটিশের জন্য খোঁজ নিতে হবে কি?,namjari_hearing_notification
আমি নামজারি আবেদন করতে কি ভূমি অফিসে যাওয়া লাগবে?,namjari_application_procedure
শুনানীর জন্য সমস্ত মূল কাগজপত্র কি নিয়ে যেতে হবে?,namjari_hearing_documents
নামজারি করতে এনআইডি আর দলিলের ফটোকপি লাগে কিনা?,namjari_required_documents
"আমি দলিল করে জমি পাইছি, নামজারি করতে হবে?",namjari_eligibility
নামজারি করতে ফটোকপি ছাড়া আর কি লাগে?,namjari_required_documents
নামজারি আবেদন নামঞ্জুর হয়েছে এরপর কি করবো?,namjari_rejected_appeal
নিবন্ধন করতে নিজের এনআইডি থাকতে হবে?,namjari_registration
প্রতিনিধি দিয়ে নামজারি করতে হলে কি কি কাগজ লাগে?,namjari_by_representative
"আমার পিতা মারা গেছেন আমি জমি খাই, নামজারি করতে হবে কি?",namjari_eligibility
অনলাইনে নামজারি করেছি খতিয়ানের প্রিন্ট কপি মঞ্জুর হলে কোথায় পাবো?,namjari_khatian_copy
নামজারি মামলা বর্তমানে ঠিক কি অবস্থায় আছে কিভাবে জানবো?,namjari_status_check
নামজারি মঞ্জুর হয়েছে খতিয়ান প্রিন্ট কপি কিভাবে পেতে পারি?,namjari_khatian_copy
শুনানির চিঠি কি পোস্ট অফিসে যাবে?,namjari_hearing_notification
নামজারি করতে দলিল আর ছবি লাগে কিনা?,namjari_required_documents
নামজারি আবেদন নামঞ্জুর হয়েছে কোন আদালতে যাবো?,namjari_rejected_appeal
শুনানীর জন্য কি কি সব কাগজপত্র নিয়ে যাবো?,namjari_hearing_documents
নামজারি করতে ফটোকপি আর ফটোকপি লাগে কিনা?,namjari_required_documents
আমার নামজারি মঞ্জুর হয়েছে খতিয়ানের প্রিন্ট কপি কোথায় থেকে পাবো?,namjari_khatian_copy
নামজারি মঞ্জুর হয়েছে শ্রেণি ভুল হয়েছে কি করতে হবে?,namjari_khatian_correction
নিবন্ধন করতে মোবাইল লাগে কি?,namjari_registration
খতিয়ানে নাম ভুল লেখা আছে সংশোধন করতে কি করতে হবে?,namjari_khatian_correction
নামজারি আবেদন নামঞ্জুর হলে এখন আবার কি আবেদন করবো?,namjari_rejected_appeal
"আমি থাকিনা, অন্য কেউ কি আমার নামজারির আবেদন করতে পারবে?",namjari_by_representative
অনলাইনে নামজারি করেছি মঞ্জুর হলে খতিয়ান কপি কিভাবে নিতে পারি?,namjari_khatian_copy
শুনানীর জন্য কি কাগজপত্র দরকার?,namjari_hearing_documents
শুনানীতে সমস্ত আবেদনকারীকে-ই যেতে হবে নাতো?,namjari_hearing_documents
নামজারির আবেদন করতে সরকারি খরচ কত?,namjari_fee
"মোবাইলে কোনো মেসেজ আসেনি, মামলা কোথায় আছে জানবো কীভাবে?",namjari_status_check
এনআইডির ফটোকপি দিয়ে নামজারি হবে কিনা?,namjari_required_documents
মোবাইল করে জানলে শুনানির তারিখ জানাবে?,namjari_hearing_notification
"নাম ভুল হয়েছে, কিভাবে ঠিক করবো?",namjari_khatian_correction
নামজারি করতে ফটোকপি আর এনআইডির ফটোকপি লাগে কিনা?,namjari_required_documents
অনলাইনে নামজারি কিভাবে নিতে পারি?,namjari_process
আমি কি কারো সাহায্যে নামজারি করতে পারবো?,namjari_application_procedure
শুধু অনলাইনেই করলে হবে নাকি অফিসেও যেতে হবে?,namjari_hearing_notification
নামজারি মামলার স্ট্যাটাস সরাসরি কিভাবে জানতে পারবো?,namjari_status_check
পোস্ট অফিসে শুনানীর নোটিশ নিয়ে খোঁজ নিতে হবে কি?,namjari_hearing_notification
খতিয়ানে নাম ভুল লেখা সংশোধন করতে কত টাকা লাগে?,namjari_khatian_correction
নামজারি করতে হলে কি এনআইডি বাধ্যতামূলক?,namjari_required_documents
আবেদনকারী না গিয়ে প্রতিনিধি গেলে শুনানী গ্রহণযোগ্য হবে কি?,namjari_hearing_documents
নামজারি মামলার স্ট্যাটাস বর্তমানে কিভাবে জানতে পারবো?,namjari_status_check
